timestamp,event,open_type,user_id
1752250204033,opened,manual,1
1751836141616,closed,,2
1752304475081,closed,,3
1752498934494,opened,auto,4
1752141991110,closed,,5
1752308210458,opened,auto,3
1752310292657,opened,auto,3
1752276666919,closed,,6
1752158089077,opened,auto,5
1752174540366,opened,auto,7
1751903461681,opened,auto,8
1752185562588,opened,manual,9
1752149417333,closed,,10
1752147744069,closed,,11
1752565444943,closed,,12
1752250448647,closed,,6
1752308784555,closed,,3
1751599973655,opened,auto,13
1751826936388,opened,manual,2
1751836139906,opened,manual,2
1752308663561,closed,,3
1752212515578,closed,,12
1752671208220,opened,auto,14
1752174297285,opened,manual,7
1753152445852,opened,auto,15
1751999904728,opened,auto,16
1752197253240,closed,,17
1751979239369,closed,,18
1752097914423,closed,,19
1751942748915,opened,manual,20
1752071173885,opened,manual,21
1751875545291,opened,auto,22
1752039702261,closed,,23
1751987476329,closed,,10
1753109661340,opened,auto,24
1752711724445,closed,,25
1752326848713,closed,,26
1752727472649,opened,manual,25
1751731001515,opened,manual,27
1751896011697,opened,auto,28
1751881876378,closed,,29
1751880173142,opened,manual,29
1752653913807,opened,manual,14
1752071281032,opened,auto,30
1752082778913,opened,auto,31
1752143147099,closed,,5
1751849544609,closed,,1
1752254692286,closed,,32
1752312889900,opened,manual,33
1752066838672,closed,,34
1752596950822,closed,,6
1751860714217,opened,auto,22
1752321480371,opened,manual,35
1751720571768,closed,,27
1751880924878,closed,,29
1751885270572,opened,manual,36
1751877689300,opened,manual,22
1752800281834,opened,manual,37
1752048471212,closed,,38
1751897593656,closed,,28
1751676451399,closed,,39
1752367670226,opened,auto,40
1752276408368,opened,auto,40
1751654487727,closed,,39
1751616846006,closed,,41
1751772875120,opened,auto,42
1752664007176,opened,auto,43
1752652941369,opened,auto,43
1752654467256,opened,auto,43
1752670213659,opened,manual,44
1752485799332,opened,auto,14
1751656141008,opened,auto,2
1751973961388,opened,auto,8
1752543381770,closed,,12
1753016150445,opened,manual,28
1752679273549,closed,,45
1751687509583,closed,,46
1752065857322,closed,,34
1752063281916,opened,manual,34
1752676957073,opened,auto,12
1752070997349,closed,,30
1752052735900,closed,,47
1752026238575,opened,manual,48
1752662297528,closed,,10
1752063281097,closed,,34
1752484241662,opened,auto,14
1753237438333,closed,,15
1753236835184,opened,auto,15
1753256524182,opened,auto,15
1752676657024,opened,auto,49
1753106844951,closed,,1
1752333957817,opened,manual,50
1752150813588,closed,,45
1753088517616,opened,auto,51
1753295336867,opened,auto,6
1753074664784,closed,,52
1753074662988,opened,manual,52
1752919305526,closed,,28
1752919294656,opened,manual,28
1752669403406,closed,,12
1753286056333,opened,manual,53
1752213331966,opened,manual,12
1752216691929,opened,auto,12
1752213332335,closed,,12
1751946327202,opened,manual,54
1752061551000,closed,,5
1751901286383,closed,,55
1752673741911,opened,auto,56
1752317879466,opened,auto,3
1751961845508,opened,auto,57
1753268387803,opened,auto,49
1752679907748,closed,,45
1752002195984,closed,,58
1752212517918,opened,manual,12
1752613596048,closed,,59
1753054587897,closed,,15
1752076514018,opened,auto,34
1752068246292,opened,auto,34
1753115137031,closed,,15
1752186859229,closed,,5
1751659284282,closed,,39
1751657393337,opened,manual,39
1751637186586,opened,manual,60
1752360745607,opened,auto,40
1752751425361,closed,,61
1752578050241,closed,,43
1752167345281,closed,,62
1752052629524,closed,,63
1752415036589,closed,,64
1752071102763,opened,auto,30
1752060231096,closed,,30
1752254684829,opened,manual,32
1752169285393,opened,manual,65
1752308638726,closed,,64
1751987471625,opened,auto,10
1751899573773,opened,auto,66
1752505486155,opened,auto,56
1752064124740,opened,manual,57
1751596255839,opened,auto,67
1751736400306,closed,,68
1751865508819,closed,,22
1752653096526,opened,manual,43
1751616022892,opened,auto,69
1753054597209,opened,manual,15
1751775342989,opened,auto,42
1751616089960,opened,manual,41
1751596721836,opened,manual,70
1751936439604,closed,,22
1751612715500,closed,,71
1752008662233,opened,auto,72
1752804006775,opened,auto,73
1752317628013,closed,,3
1752158372868,closed,,5
1753198877261,closed,,17
1752307059652,opened,auto,3
1752308080052,closed,,3
1752211781121,opened,manual,12
1752142213300,opened,auto,5
1753179951888,opened,auto,15
1752261943818,opened,auto,6
1752467272850,closed,,74
1752908490128,closed,,25
1752945948056,opened,auto,25
1752313313224,opened,manual,63
1751903900918,closed,,8
1752207290050,closed,,12
1752671208206,closed,,14
1752311357207,closed,,3
1752894035243,opened,auto,75
1752750721828,closed,,26
1752477267189,closed,,10
1751641922596,opened,manual,76
1752212498355,opened,manual,12
1752309082273,opened,auto,3
1752654034335,closed,,14
1751627064161,opened,manual,69
1752139190185,opened,auto,5
1751902631996,closed,,39
1752071201331,opened,manual,30
1752147967168,opened,auto,77
1751923740220,opened,manual,78
1751609463410,opened,auto,79
1751968103844,opened,auto,4
1751889329968,opened,auto,80
1753109201460,closed,,24
1753066054126,closed,,24
1752710686151,closed,,25
1752222485806,closed,,81
1752269256620,opened,manual,32
1752516526733,opened,auto,56
1751853368777,closed,,82
1752039623188,opened,manual,23
1751971800417,closed,,83
1752144506030,opened,manual,14
1752980168928,opened,auto,28
1752499142178,closed,,43
1753187917209,closed,,53
1752708892215,opened,auto,6
1752647863226,opened,auto,12
1753113327099,closed,,15
1752651555345,closed,,12
1753259766530,closed,,43
1753259755962,opened,auto,43
1753259642457,closed,,43
1752670216663,closed,,44
1752068541212,closed,,63
1752045361095,opened,auto,63
1752437849557,closed,,24
1752640557610,closed,,73
1752504361160,closed,,10
1752479156410,opened,auto,10
1751837670157,opened,auto,84
1752216611396,closed,,12
1752483323727,closed,,4
1752362328570,opened,manual,85
1753261699116,closed,,10
1752837289003,opened,auto,86
1752380665846,closed,,42
1751855273997,opened,auto,87
1753022048394,closed,,88
1751656665251,opened,manual,2
1753256443130,closed,,89
1752929916385,closed,,90
1752420165466,closed,,85
1751741022333,opened,auto,27
1751994748169,closed,,91
1752258007775,closed,,3
1752213449725,opened,auto,12
1752187080436,closed,,19
1752172287913,opened,auto,19
1752664995645,opened,manual,21
1753199121158,opened,auto,17
1752753748885,opened,auto,89
1751650720434,closed,,39
1752004516084,opened,auto,31
1752288824001,opened,manual,26
1751612701338,opened,auto,71
1753064456973,opened,auto,15
1752562864127,opened,auto,10
1753048193908,opened,auto,15
1752063316978,closed,,34
1752642104219,closed,,15
1752470627283,opened,manual,25
1752832506545,closed,,89
1752829490746,closed,,89
1752654610333,closed,,43
1752650364715,closed,,43
1753260741657,closed,,43
1752679960226,opened,manual,45
1751621821615,closed,,41
1751612397622,closed,,22
1751703337848,opened,manual,92
1751669494274,closed,,93
1752185633952,closed,,9
1752272458227,closed,,6
1752156336163,closed,,5
1751599983236,closed,,13
1752066476911,opened,manual,94
1751901286227,closed,,95
1752308121536,closed,,3
1752784847280,opened,manual,21
1752775639196,opened,manual,96
1752513442147,opened,manual,97
1752280505714,opened,auto,40
1753013212625,opened,manual,28
1752309021730,closed,,3
1752416374302,opened,auto,26
1751898773829,closed,,98
1753011963616,opened,auto,28
1752831872193,closed,,43
1752669461940,opened,auto,12
1752472228432,opened,auto,99
1752269254452,opened,manual,32
1751899597645,closed,,66
1752669338235,opened,auto,12
1752485861012,opened,manual,14
1752684442131,closed,,45
1751889337853,closed,,80
1751984597189,opened,auto,72
1753251511595,opened,auto,7
1751972620582,opened,manual,21
1753266237129,opened,auto,10
1752475228997,opened,auto,25
1752470341328,closed,,25
1752219529762,closed,,100
1751895189558,closed,,5
1752434731325,opened,auto,24
1751889032857,opened,auto,5
1751991587356,closed,,101
1752271275651,closed,,19
1752563044035,opened,auto,10
1753157990844,closed,,7
1752729591306,closed,,45
1752654836469,opened,auto,43
1752651101067,opened,auto,43
1753114131558,closed,,15
1752502924746,opened,manual,11
1752509952002,closed,,102
1752472126637,opened,manual,103
1753281258036,opened,manual,6
1751607525596,opened,auto,22
1752413649129,closed,,64
1751646372677,closed,,95
1753025322332,opened,auto,24
1751654089819,opened,auto,104
1752261793213,closed,,19
1752039701082,closed,,23
1752161928835,closed,,65
1752161937065,closed,,65
1752722746941,opened,auto,105
1752066602279,closed,,94
1751641921846,closed,,76
1752125662782,opened,manual,40
1752059427836,closed,,86
1752270859501,closed,,6
1752197249076,opened,manual,17
1753194342832,closed,,17
1753185237676,opened,auto,17
1752163286015,opened,manual,25
1751595233952,opened,manual,70
1751988867166,opened,auto,106
1752513444696,closed,,97
1751864065326,opened,auto,107
1752193075625,closed,,12
1752213818903,opened,auto,12
1752654033921,opened,manual,14
1752125027379,opened,manual,38
1752125063979,closed,,38
1752001627400,closed,,31
1752175961845,opened,auto,7
1751902738624,opened,auto,8
1753198786424,opened,auto,17
1753193993534,opened,auto,17
1752756639964,opened,auto,89
1752163248604,opened,auto,25
1751884172272,opened,auto,108
1752197248490,closed,,17
1753188369009,closed,,17
1752754754553,opened,auto,89
1753149579747,closed,,15
1753145960657,closed,,15
1753149041854,opened,manual,12
1752413640211,opened,manual,64
1752060230120,opened,manual,30
1752583893470,opened,auto,5
1751866904120,opened,manual,42
1753203498700,closed,,53
1753259266781,opened,auto,43
1752501663152,opened,auto,86
1752060718741,opened,auto,28
1751881825095,opened,auto,77
1752193074879,opened,manual,12
1752838385391,opened,manual,36
1753059601652,opened,manual,109
1752326768775,opened,auto,26
1752343819971,opened,manual,110
1752781811514,opened,auto,25
1752721995341,closed,,25
1752711775654,opened,auto,25
1751615614662,closed,,111
1751595232497,opened,manual,70
1752478356645,opened,auto,99
1752593312624,closed,,112
1752751418951,opened,manual,61
1751655209960,closed,,104
1751631908333,closed,,113
1751628119366,closed,,41
1752373044895,closed,,64
1751757277487,opened,manual,114
1753286628088,closed,,53
1752790311493,closed,,37
1752733981663,closed,,22
1752821492138,opened,auto,73
1751978322082,opened,manual,36
1752919305955,opened,manual,28
1753237684123,closed,,24
1753115019328,opened,auto,15
1753062752574,closed,,15
1752468285290,closed,,25
1753133504650,opened,auto,96
1753255850660,closed,,89
1752156157022,opened,manual,9
1752156413570,opened,auto,5
1752212517152,closed,,12
1752066493549,closed,,94
1752143881245,opened,auto,105
1752099395824,closed,,115
1751930948930,opened,auto,22
1751908242172,opened,auto,116
1753084263273,closed,,117
1752315821103,closed,,28
1752502927215,closed,,11
1753254398362,opened,auto,53
1753144485408,closed,,33
1752580944748,opened,manual,118
1752453612935,closed,,40
1752451360507,opened,auto,40
1752898504178,opened,manual,28
1753110518132,opened,auto,10
1751775853953,closed,,42
1752484373637,closed,,14
1752066791133,opened,auto,34
1753115235314,opened,auto,15
1753185050855,opened,auto,17
1752212516074,opened,manual,12
1751990981418,opened,auto,119
1752309579898,closed,,3
1752308871791,closed,,3
1753281269078,closed,,6
1752069078522,opened,manual,34
1752053773330,opened,auto,120
1753258120092,closed,,15
1753237291568,opened,auto,15
1752659738512,closed,,43
1753168459178,closed,,105
1752193073183,opened,manual,12
1752501671657,opened,auto,4
1752001522650,opened,auto,31
1752183741817,opened,manual,9
1751898999764,opened,manual,28
1751880522181,closed,,29
1752071730782,opened,manual,121
1751768912485,opened,auto,28
1751874464661,closed,,29
1752676846526,opened,manual,62
1751992393654,closed,,122
1752734682064,closed,,10
1752591792710,closed,,14
1752232959679,opened,auto,4
1752165912853,closed,,65
1751975917189,opened,manual,36
1752144446938,closed,,14
1752038564977,opened,auto,10
1752288829206,closed,,26
1752143084192,closed,,105
1752838948797,closed,,89
1753113310381,opened,auto,17
1752888306240,closed,,25
1752775485379,opened,auto,96
1752829960067,closed,,89
1751854236058,closed,,87
1751901372958,closed,,55
1752066452469,closed,,123
1752501551280,opened,auto,19
1752226836584,opened,manual,81
1751959622484,opened,auto,22
1751955206036,closed,,22
1752009153406,opened,auto,72
1753247346254,closed,,53
1752754237579,closed,,89
1752344488150,closed,,124
1753145138072,opened,manual,33
1753144434126,opened,manual,33
1751965183470,opened,manual,125
1752754227319,opened,auto,89
1752754660677,opened,auto,89
1752729229202,opened,auto,45
1752151254945,opened,auto,75
1752559460343,closed,,10
1751903378155,closed,,8
1751837673553,closed,,84
1752086625545,closed,,126
1752250254981,opened,auto,17
1752336110957,opened,auto,19
1753144896212,opened,manual,33
1752753658566,closed,,89
1752480767012,closed,,64
1751854259097,closed,,87
1753242883494,opened,auto,24
1752764961198,opened,auto,51
1752488457151,opened,auto,108
1752335736369,closed,,26
1752325844683,opened,auto,26
1752792049421,closed,,37
1752894710272,opened,auto,75
1751965141920,closed,,125
1753194329163,opened,auto,17
1752729588877,opened,auto,45
1752280190674,closed,,37
1753143998586,closed,,33
1751984479127,opened,manual,28
1751985799490,opened,auto,28
1752125614503,opened,manual,40
1752809674368,opened,auto,74
1752669397936,opened,auto,12
1752670006346,opened,auto,12
1752625728438,opened,auto,6
1753258993220,opened,auto,15
1752665787925,closed,,43
1752663770117,closed,,43
1753056728764,closed,,15
1752951344434,closed,,15
1752573651167,opened,auto,73
1752030994658,closed,,127
1752473932982,opened,auto,10
1751615610248,opened,auto,111
1752954804443,opened,auto,15
1751985390536,closed,,28
1751977605568,opened,manual,128
1753054335542,opened,auto,15
1752823953188,opened,auto,105
1752472169552,closed,,99
1752477909430,opened,auto,10
1752478068571,closed,,10
1752769126201,opened,manual,114
1752482596122,opened,auto,99
1752515600519,opened,auto,99
1752508787237,opened,auto,10
1752232521489,opened,manual,129
1751625155049,closed,,41
1751616808128,opened,manual,41
1751657392832,closed,,39
1751606911709,opened,manual,22
1751683110893,opened,auto,130
1753107898039,opened,auto,17
1752560414994,closed,,12
1752150557798,closed,,11
1753009553796,opened,auto,28
1752402232989,closed,,131
1752891903959,opened,auto,28
1752893799758,closed,,28
1752160384085,opened,auto,132
1752212069875,closed,,109
1752169376243,opened,manual,65
1751938277770,opened,auto,22
1752755978223,closed,,89
1752036534581,opened,auto,10
1752313181091,opened,auto,33
1752037663277,opened,auto,10
1751990100000,opened,auto,72
1752008619875,closed,,72
1751987571164,opened,auto,72
1751965143722,opened,manual,125
1753175379008,opened,auto,7
1752495993944,opened,auto,43
1752597652026,opened,auto,5
1752020872857,closed,,22
1752005194243,closed,,72
1751885280631,closed,,36
1751878335299,closed,,22
1751904067589,opened,manual,133
1751979701225,opened,auto,96
1753148689278,closed,,12
1752141078706,closed,,47
1753008628376,closed,,28
1752163293314,closed,,25
1752479439668,opened,manual,64
1752249542583,opened,auto,17
1752269809436,opened,auto,3
1752150466033,opened,manual,45
1752784686807,opened,manual,21
1752227965958,opened,manual,134
1751992759948,closed,,116
1752144507543,opened,manual,14
1752769125303,closed,,17
1752142077363,closed,,135
1752226474184,closed,,53
1751595704704,closed,,67
1752380607984,opened,manual,42
1752836694013,opened,auto,89
1752833298827,closed,,89
1752471386436,opened,auto,73
1752335242837,closed,,50
1752125730896,opened,manual,40
1752126646882,opened,auto,10
1752481356538,opened,auto,10
1752479216478,closed,,10
1752529317179,opened,auto,86
1752474473217,closed,,53
1751683727949,opened,manual,16
1751656351612,opened,manual,2
1752138492176,opened,auto,34
1752062375067,opened,manual,30
1752091211992,opened,auto,31
1752086641262,closed,,126
1752495190353,opened,manual,136
1751854844079,closed,,87
1751931468156,opened,auto,11
1751933765005,closed,,22
1752605338228,closed,,6
1751867304806,closed,,22
1751866874700,opened,manual,42
1751897182135,opened,auto,98
1753267564135,closed,,10
1752661453741,opened,auto,10
1753009502602,closed,,28
1753005374917,opened,auto,28
1751855711986,closed,,87
1751901210998,closed,,55
1752678838536,closed,,45
1751993390775,closed,,101
1751899204437,opened,manual,98
1751850223688,closed,,22
1752768583324,opened,auto,17
1752334957540,closed,,19
1751782284836,closed,,27
1751853113344,opened,manual,15
1751782202706,opened,auto,27
1752443193606,opened,auto,108
1752232591846,opened,manual,33
1752402035580,opened,manual,131
1752402079123,opened,manual,131
1752197043080,opened,auto,17
1753144462675,opened,manual,33
1752246787053,closed,,3
1752204815111,closed,,105
1751663195857,closed,,16
1751876607433,opened,manual,137
1751784211115,closed,,27
1751652068958,closed,,16
1751892602060,closed,,49
1751897775629,closed,,137
1751781740438,opened,auto,27
1752133659409,opened,manual,138
1751903808874,closed,,26
1752410342965,opened,auto,75
1752823501886,opened,manual,105
1752581358102,opened,auto,17
1752150389074,closed,,45
1751595239160,closed,,70
1752136882689,opened,auto,10
1752048712148,closed,,86
1752576697313,opened,auto,86
1752039606639,opened,manual,23
1752148941579,closed,,26
1751878050334,closed,,139
1751894897319,closed,,28
1752580187041,closed,,17
1752541279608,closed,,17
1752475140361,closed,,10
1752505743804,closed,,10
1751895711457,closed,,6
1752160331948,opened,auto,59
1751978948970,opened,manual,128
1752151473078,closed,,45
1752501392530,closed,,35
1752128940893,opened,auto,10
1752755838608,opened,auto,89
1752325055991,closed,,35
1752071734661,opened,manual,121
1752024408014,closed,,22
1751872998224,opened,auto,22
1752099394851,opened,manual,115
1751898056785,closed,,28
1752089555002,opened,auto,91
1752052587825,closed,,63
1751607772811,opened,auto,134
1751963283154,opened,manual,57
1751988683695,closed,,10
1752327035161,opened,manual,26
1752323879493,opened,auto,26
1751615659623,opened,auto,41
1752369387947,closed,,64
1751657283163,opened,manual,39
1751740548372,closed,,110
1752147194601,closed,,140
1751609158966,opened,auto,134
1751753686273,opened,auto,114
1751607370848,closed,,22
1751611982686,opened,auto,22
1753169532441,opened,auto,10
1753169915269,closed,,10
1752947759136,opened,auto,15
1752930835278,closed,,15
1752341255443,closed,,19
1752575176009,closed,,105
1751761862382,opened,auto,72
1752851830737,opened,auto,49
1752611455220,closed,,86
1751894501817,opened,auto,98
1752067326104,opened,auto,8
1751899300234,closed,,28
1751893684100,closed,,28
1753194217449,closed,,17
1751932842207,opened,auto,22
1752740387245,opened,auto,10
1751901029271,opened,auto,90
1751895678160,opened,auto,6
1751780519265,opened,manual,27
1752286295801,closed,,129
1751901130251,closed,,90
1752165793776,opened,auto,96
1753165804616,closed,,53
1752650024638,closed,,43
1752663632231,closed,,43
1752561118208,opened,auto,25
1752544964819,closed,,25
1753262497716,closed,,43
1753259542925,closed,,43
1753262326849,opened,manual,43
1751969459380,opened,auto,125
1752608394683,closed,,25
1752837811364,opened,auto,89
1753107982830,closed,,17
1753299352227,opened,auto,86
1753164369280,closed,,10
1752577002399,closed,,17
1752595360892,opened,auto,77
1752697356048,opened,auto,96
1752596589677,opened,auto,6
1751866791230,opened,manual,42
1752112216778,closed,,15
1753281873522,opened,manual,17
1753143187482,closed,,24
1752837098369,opened,auto,89
1753179287920,closed,,10
1753191539989,opened,auto,10
1752165704991,opened,manual,141
1752573371557,closed,,86
1752039606932,closed,,23
1752068679053,closed,,142
1752021579667,closed,,143
1751612769625,opened,manual,67
1753197159411,closed,,10
1753238866936,closed,,25
1752649818107,closed,,25
1752372772240,closed,,42
1751677807324,closed,,39
1752375772421,opened,manual,64
1752370263680,opened,auto,64
1752484235417,opened,auto,73
1752563581906,opened,auto,73
1753259310068,closed,,86
1752566966423,closed,,12
1752596251855,closed,,77
1752663224906,closed,,10
1752340425999,opened,auto,19
1751885330407,closed,,144
1753165152956,opened,auto,89
1752739187586,closed,,145
1751883285644,opened,auto,146
1751640187552,opened,auto,108
1752024589156,closed,,22
1752147488103,closed,,26
1751877885872,closed,,139
1752144004468,opened,manual,138
1752012129649,opened,auto,102
1752145775282,opened,auto,26
1752669302817,opened,auto,51
1752835821481,closed,,2
1752582849629,closed,,34
1751595681292,opened,auto,67
1751596260283,closed,,67
1751683121326,opened,manual,130
1752775631237,closed,,96
1752532066268,closed,,86
1752078440828,opened,auto,136
1752845073719,closed,,1
1752800409379,opened,auto,37
1752068655099,closed,,8
1753147553067,opened,auto,24
1752650859845,opened,auto,43
1752947569560,closed,,15
1752560813105,opened,auto,73
1753195953739,opened,auto,10
1752541183272,closed,,17
1752584287053,opened,auto,77
1752099423334,opened,auto,147
1752418270133,opened,auto,85
1751878435002,closed,,29
1751741181602,opened,auto,27
1752678902564,opened,manual,45
1753255839774,opened,auto,89
1752438278952,opened,auto,77
1753185257926,closed,,17
1752729636910,opened,auto,45
1753209227237,opened,manual,25
1753150050667,opened,auto,15
1752141077416,opened,manual,47
1752012645913,opened,auto,148
1752165837381,closed,,149
1752659402039,opened,auto,4
1752097912523,closed,,19
1752819265117,opened,auto,51
1751970948438,opened,auto,150
1752070812821,opened,manual,128
1752133673124,closed,,138
1751881192275,opened,auto,77
1752318428271,closed,,33
1752931758140,opened,manual,25
1752548074030,opened,manual,25
1752734454796,opened,auto,145
1752038559346,closed,,10
1752171040230,opened,auto,65
1752039216545,closed,,10
1751934825128,opened,auto,22
1751881275843,closed,,77
1752313314156,closed,,63
1752830028227,opened,auto,89
1751936192772,opened,manual,16
1753285343194,opened,manual,21
1752453253713,opened,auto,12
1752059167351,opened,auto,28
1752136374739,opened,auto,91
1752326944060,closed,,35
1752052709797,opened,manual,47
1752501720758,closed,,14
1753237431919,opened,manual,15
1752679270454,opened,auto,45
1752681481189,opened,manual,45
1752889311732,opened,manual,28
1751775432651,closed,,42
1751612047175,opened,manual,89
1751629606799,opened,manual,95
1751769649744,opened,auto,46
1751606912604,closed,,22
1752021270902,opened,auto,143
1752224001760,closed,,64
1752100728950,opened,manual,151
1752678328402,opened,manual,8
1752064935604,opened,manual,63
1751918389762,opened,auto,108
1752888061312,opened,manual,25
1752197293607,opened,manual,17
1752138307447,opened,auto,10
1752130746181,closed,,10
1753250629740,closed,,7
1752784855647,closed,,21
1752576758541,opened,manual,17
1752541177580,opened,auto,17
1752557187805,opened,auto,12
1751875489666,opened,auto,29
1752152093494,closed,,61
1751802481813,closed,,130
1751781914678,opened,manual,130
1753144483424,opened,manual,33
1752524059818,closed,,86
1751727761588,opened,manual,27
1751850849341,closed,,22
1751854968338,opened,manual,82
1752799960095,closed,,37
1751866790089,closed,,42
1751898446736,closed,,5
1753252848877,closed,,53
1753286044765,opened,auto,53
1752660126156,closed,,10
1752756435840,closed,,89
1752389799743,opened,manual,131
1752790380286,opened,manual,37
1752452256478,closed,,24
1751935303613,closed,,152
1752476767562,opened,auto,25
1751854244597,opened,auto,87
1752153227449,closed,,51
1752268943101,closed,,63
1751881720773,closed,,77
1751881705105,opened,auto,77
1752728899435,opened,auto,45
1752563021579,closed,,10
1752946674044,opened,auto,25
1752729231794,closed,,45
1752495730315,closed,,43
1752450375237,opened,auto,25
1752033588140,opened,auto,42
1752956167096,opened,manual,37
1752021469434,closed,,143
1752071145799,opened,manual,63
1752070814890,closed,,128
1752182242948,closed,,58
1751727763036,closed,,27
1751731000091,opened,manual,27
1752496572592,opened,auto,11
1752468291565,opened,manual,25
1753140619224,opened,auto,96
1751899959121,closed,,28
1751865659212,opened,auto,22
1751850664782,closed,,22
1751768577872,opened,auto,28
1753113238005,closed,,17
1752832047810,closed,,89
1751948587437,opened,auto,22
1751990365889,closed,,72
1752212227547,closed,,7
1752145806499,closed,,153
1752125730125,closed,,40
1751977605120,closed,,128
1752558578758,opened,auto,12
1752541739958,opened,auto,12
1753166035499,opened,auto,10
1752151780164,opened,auto,40
1752492944984,opened,auto,8
1752422289098,closed,,85
1752146448278,closed,,26
1752147497268,opened,manual,26
1752659968124,closed,,43
1752669728378,opened,auto,12
1753113075541,closed,,15
1752879455771,closed,,6
1751972268214,opened,manual,154
1752130862699,opened,auto,10
1752146704623,closed,,26
1751895997302,closed,,28
1752609362341,opened,auto,6
1752735086283,opened,auto,10
1752231238549,closed,,56
1751995003694,closed,,16
1752230386264,closed,,33
1752013458507,closed,,102
1752930951575,opened,auto,90
1751757278200,closed,,114
1752049667591,opened,manual,63
1751654477952,opened,manual,39
1752678162174,closed,,45
1753074669177,closed,,52
1752649822723,opened,auto,43
1753056335773,opened,auto,15
1752059396251,closed,,89
1752132577814,closed,,40
1751649411141,opened,auto,155
1752844112181,opened,auto,25
1751866869884,closed,,42
1752648602692,closed,,25
1753253783511,closed,,4
1752268941383,opened,manual,63
1751905148897,opened,auto,57
1751963189327,opened,auto,8
1751608462203,closed,,53
1752887881441,closed,,25
1752825205727,closed,,74
1751972269375,closed,,154
1752670134797,opened,auto,14
1752653447631,opened,manual,14
1752295367709,closed,,25
1752753759561,closed,,89
1752424702184,closed,,86
1752593031531,opened,auto,25
1752754680385,closed,,89
1751903403659,opened,auto,57
1752478941247,closed,,64
1752047624908,opened,auto,94
1752426929855,opened,auto,19
1752160719881,opened,manual,21
1752211780763,closed,,12
1752909613960,opened,manual,25
1751641979167,opened,manual,76
1752132766701,opened,auto,10
1752492694976,opened,auto,8
1752228841073,opened,auto,56
1753067710111,opened,auto,24
1752614779088,closed,,6
1752569548208,opened,auto,49
1752390155801,closed,,26
1751895249572,opened,manual,28
1752147599914,opened,auto,26
1751942319218,opened,manual,20
1751850015555,closed,,22
1751881543434,opened,manual,29
1752958073539,opened,auto,15
1752955254027,closed,,15
1751587921982,closed,,156
1752560495405,opened,auto,12
1752688818784,opened,manual,37
1752561385670,closed,,12
1752033638872,closed,,42
1751770427364,closed,,46
1752144616340,closed,,14
1752226535795,opened,auto,53
1753172326023,closed,,10
1753179132731,opened,auto,10
1752956813637,opened,auto,15
1752405607268,opened,auto,86
1752093150066,closed,,31
1751875391355,closed,,157
1752363521940,opened,auto,40
1752219488733,opened,auto,105
1752728201122,closed,,45
1752814984038,closed,,12
1751741059868,opened,manual,27
1751798352100,opened,auto,28
1752818882609,opened,manual,15
1752927870871,opened,auto,24
1751864351285,opened,auto,107
1752569309728,closed,,49
1753019276029,closed,,28
1752857210991,opened,auto,96
1752402582428,closed,,131
1752566973476,closed,,10
1751984394918,closed,,28
1752476878629,closed,,10
1752474911508,closed,,10
1752679563138,closed,,45
1752677236798,opened,manual,45
1752068708261,closed,,142
1751657446097,closed,,39
1752380605161,opened,manual,42
1751596384829,closed,,70
1751869997865,opened,auto,158
1752220748723,opened,auto,159
1752367741090,closed,,24
1752829797925,opened,auto,10
1752731902453,opened,manual,145
1751904069112,closed,,133
1752734988543,opened,auto,160
1751877688814,closed,,22
1751878048687,closed,,118
1752040278028,closed,,10
1751649414679,closed,,155
1752008985318,closed,,72
1752240775882,opened,manual,30
1752098805188,closed,,151
1752373271759,opened,manual,64
1751659278189,opened,manual,39
1751969651971,opened,auto,125
1751969471722,closed,,125
1751992173385,opened,manual,161
1752478993723,closed,,64
1751879895369,opened,manual,82
1753174957959,closed,,7
1752949712908,closed,,25
1753244029493,closed,,15
1752204072932,closed,,105
1751980347144,opened,auto,125
1751936196516,closed,,16
1752250205587,opened,manual,1
1752729640145,closed,,45
1752230168236,opened,auto,33
1751655208041,closed,,104
1752082976090,closed,,31
1752362514497,opened,auto,40
1751875377646,opened,auto,157
1753286055103,closed,,53
1752064129474,closed,,57
1751986125676,closed,,72
1751854232794,opened,auto,87
1752249727763,closed,,17
1751978283885,opened,auto,161
1751903426028,closed,,57
1752250204781,closed,,1
1752145656707,opened,manual,153
1752565036524,closed,,12
1752476054359,opened,auto,10
1752132829380,closed,,10
1752148132685,opened,auto,10
1751630250319,closed,,95
1753274542324,closed,,17
1753259922433,opened,auto,15
1752652698898,closed,,86
1752753643722,opened,manual,47
1752947842761,closed,,15
1752048725573,closed,,86
1753104440917,opened,manual,1
1753259343272,closed,,43
1753196026546,closed,,53
1753202274834,closed,,53
1752128565324,closed,,10
1752090833597,opened,auto,31
1751971776683,opened,auto,83
1752373948818,opened,auto,26
1753277545071,opened,auto,17
1752642090096,opened,auto,15
1752071744599,closed,,121
1751875371906,closed,,22
1752070919186,opened,manual,30
1752196625254,opened,auto,11
1753054599993,closed,,15
1751990986704,opened,auto,72
1752039644975,opened,manual,10
1751990872527,closed,,101
1751896351687,closed,,55
1751901286817,opened,manual,55
1752651413307,opened,manual,12
1753237448011,closed,,15
1753164633228,opened,auto,7
1752495709007,opened,auto,43
1752270366263,opened,auto,19
1752653500603,opened,auto,8
1753258848296,opened,auto,10
1752472136078,closed,,103
1752477354759,closed,,10
1752152141599,closed,,45
1751904202767,opened,auto,57
1752250362469,closed,,17
1753177712204,opened,auto,15
1751595233897,closed,,70
1751982795434,opened,auto,162
1752477847711,opened,auto,12
1752143147830,opened,manual,5
1752859020300,opened,manual,163
1752309926823,closed,,3
1752277288040,closed,,6
1752186711207,opened,manual,5
1752460500223,closed,,12
1752057935899,closed,,28
1752321423987,opened,manual,35
1752198082192,closed,,7
1751765919423,closed,,46
1751952531251,opened,manual,22
1752653916493,closed,,14
1752304603815,opened,auto,3
1752174293564,closed,,7
1751886331421,opened,auto,108
1751918039601,opened,manual,133
1752067929841,opened,auto,164
1752147467952,closed,,26
1752150186061,opened,auto,26
1752146651252,closed,,26
1751852772227,opened,auto,165
1751860746118,closed,,22
1751873059179,closed,,22
1751963544066,opened,auto,8
1751973540607,closed,,8
1752048716823,opened,manual,86
1751992388623,opened,manual,122
1751902538474,opened,manual,39
1752578042104,opened,auto,43
1752144011378,closed,,138
1752068709011,opened,manual,142
1753191518910,closed,,15
1752039702666,opened,manual,23
1752147552997,closed,,26
1752215833732,closed,,12
1751609065218,closed,,134
1751702903409,opened,auto,166
1751646373083,opened,manual,95
1751677786957,opened,manual,39
1752413641029,closed,,64
1753011500214,opened,auto,28
1752137059016,opened,auto,10
1751902536512,closed,,39
1751972244664,closed,,167
1751879847970,opened,manual,82
1752146863568,opened,auto,26
1752504736060,opened,auto,56
1752026244923,closed,,48
1753278933960,closed,,17
1752669658046,closed,,12
1753243177495,opened,auto,15
1753235489983,closed,,15
1753255368472,opened,auto,15
1753059526665,opened,auto,15
1752063508751,opened,manual,34
1752051992839,opened,auto,136
1753003234519,opened,auto,28
1753106697163,opened,auto,10
1753106712643,closed,,10
1753110568890,closed,,10
1753011686039,closed,,28
1751870021990,opened,manual,158
1751596257183,closed,,67
1752583903719,closed,,5
1752009035176,opened,auto,72
1752041919202,closed,,10
1752722795184,closed,,105
1751894944692,closed,,55
1753203506606,opened,auto,53
1752399251600,opened,manual,64
1752413641979,opened,manual,64
1752067515379,opened,manual,63
1752812974753,closed,,12
1752507892422,closed,,8
1751876827862,closed,,22
1751877239382,opened,auto,22
1751742495938,closed,,168
1752956560123,opened,manual,37
1752753627519,opened,auto,89
1752053804820,opened,auto,120
1752481493250,opened,manual,87
1752677875345,closed,,8
1752653170202,closed,,43
1752576556712,closed,,86
1752169290197,closed,,65
1751956504764,opened,auto,22
1753150185087,closed,,15
1753148731817,closed,,12
1752132664299,closed,,10
1751595234170,closed,,70
1752820084991,opened,auto,105
1751997219289,opened,auto,11
1751997242531,closed,,11
1752133462512,opened,manual,138
1752146558501,opened,manual,63
1752501948935,closed,,4
1752500322875,closed,,4
1752310770426,opened,auto,3
1751655859872,closed,,39
1752052588637,opened,manual,63
1752563665901,opened,auto,10
1752066484624,closed,,94
1752185572016,opened,manual,9
1752213331646,closed,,12
1752002180866,opened,auto,58
1753198836877,opened,auto,17
1752580975639,closed,,118
1751903804166,opened,auto,26
1752477483636,opened,auto,12
1752172792258,closed,,19
1752143148875,closed,,5
1751767407833,opened,manual,46
1751650704181,opened,manual,39
1751686794864,opened,manual,16
1752093828082,closed,,91
1752068676326,opened,manual,142
1751686905892,opened,auto,46
1752059527022,closed,,34
1752485856044,closed,,14
1752685179372,opened,auto,45
1752655024135,closed,,43
1752671762433,closed,,12
1752138175385,closed,,10
1752323626002,opened,auto,26
1752324175389,closed,,26
1752786565252,opened,manual,37
1752791925755,opened,auto,37
1753066917455,closed,,24
1753261416355,opened,auto,43
1753262144769,closed,,43
1753259567107,opened,manual,43
1752659888039,opened,auto,43
1753262057630,opened,auto,43
1752669378069,closed,,12
1751867112343,closed,,42
1753049345171,closed,,15
1752919306396,closed,,28
1753081854112,opened,manual,169
1752793482180,opened,auto,37
1752839155520,opened,auto,89
1752838213013,closed,,89
1752669572249,opened,auto,12
1752309962919,opened,auto,3
1752465649469,closed,,74
1752472236961,closed,,99
1752728176291,opened,auto,45
1752246933576,opened,auto,3
1752480020918,closed,,64
1753195042188,opened,auto,17
1753179096177,opened,manual,80
1752262681748,closed,,32
1752204547136,opened,auto,105
1752239172053,opened,auto,170
1752001356281,closed,,16
1752592711056,closed,,25
1752825204378,opened,manual,74
1751990776683,opened,auto,16
1752086627218,opened,manual,126
1751629606458,closed,,95
1752074965918,closed,,63
1752424251183,opened,auto,86
1752185569451,closed,,9
1752308067996,opened,auto,3
1752479684881,closed,,74
1752114294979,opened,manual,38
1752274823029,opened,auto,6
1752671847199,closed,,14
1751946252574,closed,,54
1751904065037,opened,auto,8
1752174119823,opened,auto,7
1752563291527,closed,,10
1751910188154,opened,auto,119
1752492795629,closed,,8
1753101008651,opened,auto,7
1751607637662,opened,auto,53
1752071150628,closed,,30
1751995123920,opened,auto,108
1753067385323,closed,,24
1752785769106,opened,manual,37
1752794828698,opened,auto,37
1753220067766,closed,,58
1752711359344,closed,,25
1752757483546,opened,auto,40
1752557059524,closed,,12
1752614984778,opened,manual,86
1751881584101,opened,manual,29
1751871457388,closed,,22
1752474923149,opened,auto,10
1752507366674,opened,manual,8
1752012584678,closed,,102
1752952923499,closed,,15
1752950044895,closed,,114
1752581055483,opened,auto,17
1753076072675,opened,auto,160
1752505222451,opened,auto,10
1752620677136,closed,,6
1752193073815,closed,,12
1752276332338,opened,auto,6
1752270999047,opened,auto,6
1752156159669,closed,,9
1751967013373,closed,,125
1752756926251,opened,auto,89
1752223781688,opened,manual,159
1752144506958,closed,,14
1751959264516,closed,,22
1752613429467,opened,manual,59
1752892057505,opened,auto,24
1753044649415,closed,,163
1752100831965,closed,,151
1752593313546,opened,manual,112
1751621822990,opened,manual,41
1752163820806,opened,auto,171
1752138567200,closed,,34
1752820027136,closed,,105
1751942799075,closed,,20
1752147472000,opened,manual,26
1752050290240,opened,auto,115
1752454965716,opened,auto,12
1752163013286,opened,auto,17
1752129059283,closed,,10
1751985487772,opened,manual,1
1752141483110,closed,,162
1752308604519,opened,manual,64
1751669346486,opened,auto,93
1753012893016,opened,auto,28
1753020412222,opened,auto,28
1752115611039,opened,auto,63
1752593352139,closed,,112
1752778608862,opened,manual,96
1751688317629,closed,,46
1752677904376,opened,auto,45
1751635563758,opened,auto,110
1752834766756,opened,auto,86
1753286827744,opened,auto,53
1753187915722,closed,,53
1752646180373,opened,auto,12
1752013394091,opened,auto,102
1752315802750,opened,auto,28
1752146573096,closed,,63
1752322801797,opened,manual,35
1752230957401,closed,,28
1752222361504,closed,,14
1752836971174,closed,,86
1752832473145,opened,auto,89
1752830476746,opened,auto,89
1752343821954,closed,,110
1752323207941,closed,,26
1752654541054,opened,auto,43
1753060172179,opened,auto,15
1752163285567,closed,,25
1752163284104,opened,manual,25
1751967013742,opened,manual,125
1752011800722,closed,,86
1751906381807,opened,manual,57
1752892306200,opened,auto,24
1751978654011,opened,auto,161
1752233084069,closed,,33
1753185093135,opened,auto,17
1752954596355,opened,auto,37
1752167481487,closed,,62
1752380609400,closed,,42
1752521420260,closed,,59
1752819029817,closed,,12
1752204063185,opened,auto,105
1752261895194,opened,auto,96
1752892932878,opened,auto,24
1751977181715,opened,auto,106
1752895378343,closed,,28
1751850448018,closed,,22
1751875855356,closed,,22
1752218684841,opened,auto,51
1751902135523,opened,auto,8
1752673511569,opened,auto,56
1752440337371,closed,,10
1752066502168,opened,manual,94
1752242482004,opened,auto,3
1752231459142,opened,auto,56
1753198503972,opened,auto,53
1752079440150,closed,,136
1753258511154,opened,auto,15
1752669401893,closed,,12
1753141543605,opened,auto,15
1752070783541,closed,,30
1752070734415,closed,,30
1752347015887,opened,auto,24
1753103517057,opened,auto,17
1752482726982,opened,auto,115
1752676847701,closed,,62
1752678002010,opened,manual,45
1752680099750,closed,,45
1752893791240,opened,auto,28
1753053531817,opened,auto,15
1753049316275,opened,auto,15
1753260695948,opened,auto,43
1752475319164,closed,,25
1752070946121,opened,auto,30
1752058986493,closed,,30
1752058858270,opened,auto,30
1752058979358,opened,manual,30
1751870021669,closed,,158
1752050812152,opened,manual,20
1751961976722,opened,auto,8
1752560582209,closed,,12
1752573423457,opened,auto,77
1752953448738,closed,,15
1752207683746,closed,,4
1752222593342,closed,,81
1751595234691,opened,manual,70
1752058971319,opened,manual,30
1752271693671,opened,auto,19
1752831340452,opened,auto,89
1752420562128,opened,auto,85
1751990782131,closed,,101
1753049640402,closed,,15
1752591791133,opened,manual,14
1751948988349,closed,,22
1752243960112,opened,auto,24
1752953867690,opened,manual,37
1753107723186,closed,,17
1752932262087,opened,manual,90
1751950098713,opened,auto,72
1752219433819,opened,auto,100
1753066988743,opened,auto,105
1752645238183,opened,auto,12
1752500928864,opened,auto,19
1753282888697,opened,auto,89
1751964394930,closed,,8
1752770705353,closed,,7
1751991212214,opened,auto,101
1752364749549,closed,,85
1752419489918,closed,,25
1752741568653,opened,auto,12
1752763313324,closed,,6
1752437848194,opened,auto,25
1752875105211,closed,,24
1752437239682,closed,,25
1752824833041,closed,,51
1752756618461,opened,auto,43
1752438044072,closed,,25
1752755949032,closed,,43
1752508298009,closed,,8
1753281373219,opened,manual,47
1752816969286,opened,auto,45
1751761728200,closed,,72
1752068038906,opened,auto,161
1752092466780,opened,auto,19
1752829333883,opened,manual,45
1752715666305,opened,auto,12
1752873665929,opened,auto,24
1753084802631,closed,,8
1751780976706,closed,,27
1753199111170,closed,,25
1752153632846,closed,,63
1752747312926,opened,auto,43
1752753094052,closed,,43
1752092360436,closed,,19
1751761671493,closed,,72
1752754900117,opened,auto,43
1752746444749,closed,,43
1752067581959,opened,auto,149
1751895335120,opened,manual,80
1752479052363,opened,auto,105
1751923739251,opened,manual,78
1752146550722,opened,manual,63
1752649093505,closed,,5
1752859021154,closed,,163
1753174218133,opened,auto,15
1753165546158,opened,auto,15
1752225786451,closed,,14
1752436943640,opened,auto,25
1752417278847,opened,auto,25
1752842216104,opened,auto,43
1752867396162,opened,auto,24
1752741330624,closed,,12
1752713003064,opened,auto,12
1752816973299,closed,,45
1753192170053,closed,,89
1752561649508,closed,,105
1751798043368,opened,manual,130
1752182234677,opened,manual,58
1751861125943,opened,auto,22
1752699895567,opened,auto,25
1751847347881,closed,,22
1751877690523,closed,,22
1751873882248,closed,,110
1753084261464,opened,manual,117
1752231216580,opened,manual,28
1751795264345,closed,,166
1751797226362,closed,,28
1753091390837,opened,auto,51
1752225338169,closed,,30
1753049636554,opened,auto,15
1752460542177,opened,auto,12
1752460499198,opened,manual,12
1752472859769,closed,,12
1751774198160,closed,,130
1752269255626,closed,,32
1752372636473,opened,manual,42
1752663010625,opened,auto,10
1752898885237,closed,,28
1751782262231,opened,auto,166
1751877889874,opened,manual,139
1752144705358,opened,auto,14
1752242903933,opened,auto,40
1751772883518,closed,,42
1752496150160,closed,,43
1752563308049,opened,auto,73
1753169753753,opened,auto,10
1752137746437,closed,,91
1751883758319,opened,manual,36
1751868546574,opened,auto,36
1751875228150,opened,auto,22
1752071796320,closed,,121
1753271865237,opened,auto,17
1752651348255,closed,,12
1752067121384,closed,,34
1752474997479,opened,auto,7
1753129162426,opened,auto,7
1753165171890,opened,auto,15
1752095747199,closed,,9
1752426151447,closed,,77
1752097913234,opened,manual,19
1752437747339,opened,auto,77
1752800011582,closed,,12
1751854466878,closed,,87
1752575262272,opened,auto,105
1753063021754,closed,,24
1752669573502,opened,manual,12
1752262077730,opened,auto,19
1751913946931,closed,,55
1752161125027,opened,auto,65
1752138445827,closed,,63
1752017728557,opened,auto,172
1751923779370,closed,,78
1752017745245,closed,,172
1751628463739,opened,manual,41
1751703599522,opened,auto,166
1752085461383,opened,auto,173
1752059014226,closed,,136
1752651896771,closed,,12
1752669914727,opened,auto,12
1752669957699,closed,,12
1751753692337,closed,,114
1751611761151,opened,manual,22
1752217091518,opened,auto,40
1751877100138,opened,manual,29
1751875131005,closed,,29
1752831480806,closed,,89
1751683731652,closed,,16
1752689874337,closed,,37
1752831840553,opened,auto,43
1752477414570,closed,,12
1752061048456,closed,,28
1751974516033,closed,,4
1751612046809,closed,,89
1751608205795,closed,,134
1752375429009,closed,,64
1752064710475,closed,,34
1752888941932,opened,manual,25
1752945719023,opened,auto,25
1752671636145,opened,auto,14
1751616257023,closed,,69
1752213471138,closed,,12
1752057004009,closed,,94
1752066485523,opened,manual,94
1752619572020,opened,manual,24
1752961850786,closed,,37
1752460304960,opened,manual,174
1751783800993,opened,auto,27
1751896482933,closed,,137
1752239167742,opened,auto,170
1752884541824,closed,,1
1752908132396,opened,manual,25
1752728901536,closed,,45
1752149842884,closed,,10
1752125717652,closed,,40
1752125662436,closed,,40
1752173332268,opened,manual,59
1751651375254,opened,auto,16
1752241995868,closed,,3
1753195728168,opened,auto,17
1752754072236,closed,,89
1752163281353,closed,,25
1751980322097,closed,,161
1753058681567,opened,manual,175
1752110741824,opened,auto,147
1752508625328,opened,auto,10
1751786003801,opened,auto,27
1753068228213,closed,,87
1753195102416,closed,,17
1753196286648,opened,auto,10
1752150822518,opened,auto,45
1752951756262,opened,auto,15
1753169583386,closed,,10
1752325055342,opened,manual,35
1752601226680,opened,auto,86
1752568453736,opened,auto,49
1753259453407,opened,auto,86
1752463201309,opened,auto,75
1751984462338,closed,,28
1752559160624,opened,auto,176
1752527985199,closed,,58
1752149537629,opened,auto,10
1752502732219,opened,manual,10
1752416376579,closed,,26
1752734154829,opened,auto,10
1752735083353,closed,,10
1752218699658,opened,auto,51
1751972232168,opened,manual,167
1751976082701,opened,auto,128
1751973825133,opened,auto,8
1752507891940,opened,manual,8
1753068227660,opened,manual,87
1752460237929,closed,,174
1752478976120,opened,manual,64
1752734184936,closed,,10
1751872245758,opened,auto,177
1751943244487,closed,,178
1751774193708,opened,auto,130
1751944196692,closed,,20
1751895991880,opened,auto,28
1752039704332,closed,,23
1751972017660,opened,manual,49
1752412109951,opened,auto,40
1751736396647,opened,auto,68
1752823500429,closed,,105
1752136081434,opened,manual,12
1752660298002,opened,auto,10
1752231217877,closed,,28
1752833240246,opened,auto,89
1752094243184,closed,,91
1751606914913,opened,manual,22
1752021470231,opened,manual,143
1752413168797,closed,,64
1752240746037,opened,auto,40
1751774197045,closed,,130
1751878314117,opened,auto,29
1752505295238,closed,,10
1752560728378,closed,,73
1753196651546,opened,auto,10
1752557263449,opened,manual,12
1752775632181,opened,manual,96
1752673884407,opened,manual,179
1753006425079,opened,auto,28
1752092432635,closed,,24
1752778624869,closed,,96
1752144617008,opened,manual,14
1752711801820,closed,,25
1752267259170,opened,auto,19
1752266961229,closed,,19
1753048925391,opened,auto,15
1752136742873,opened,auto,10
1752029401167,opened,auto,127
1751641978388,closed,,76
1752427347884,opened,auto,77
1752159504882,closed,,180
1751768937957,opened,auto,46
1752216574270,opened,auto,40
1752258140887,opened,auto,40
1751676443939,opened,manual,39
1752086086848,closed,,150
1752216854673,opened,auto,64
1751618949245,opened,manual,67
1752098325011,opened,auto,181
1753240878190,opened,manual,25
1752778508538,closed,,96
1752800094941,opened,auto,12
1752390142682,opened,manual,26
1753195903100,closed,,17
1752834357819,opened,auto,43
1752834380072,closed,,43
1752812271129,opened,manual,42
1752677145113,closed,,45
1752677907266,closed,,45
1752460234929,opened,manual,174
1753185361514,opened,auto,17
1752589509077,closed,,66
1752284281897,opened,auto,115
1753145215516,closed,,33
1752551059598,closed,,25
1753060685148,closed,,15
1752161937819,opened,manual,65
1752495201491,closed,,136
1752956918343,closed,,15
1752726063051,opened,auto,25
1753005422403,opened,manual,182
1752584298713,closed,,77
1752552949804,opened,auto,12
1752069086804,closed,,34
1752130063959,opened,auto,10
1752663754756,opened,auto,43
1753056706507,opened,auto,15
1752142113031,closed,,135
1752039598466,opened,manual,23
1751612707119,closed,,71
1753103088726,opened,auto,17
1751635617034,closed,,110
1752573627149,opened,auto,77
1753263039644,closed,,7
1752557296827,closed,,12
1753164634219,closed,,10
1753165516873,closed,,15
1753152973313,opened,auto,15
1751985388356,opened,auto,28
1752557204326,closed,,12
1752099432529,closed,,147
1752507892895,opened,manual,8
1753049008152,closed,,15
1752321630699,closed,,35
1751958035263,opened,auto,183
1751782071549,closed,,130
1751931771211,opened,auto,22
1751797205667,opened,manual,28
1753285352360,closed,,21
1751875295212,closed,,29
1751865012255,opened,auto,22
1752521748627,opened,auto,96
1751618952157,closed,,67
1752689891595,opened,auto,37
1751880822197,opened,auto,176
1752038522110,opened,auto,10
1751988434253,closed,,72
1751981125911,opened,manual,36
1752475857335,closed,,53
1753009633247,closed,,28
1753001831071,closed,,28
1752893603677,opened,auto,24
1753169784674,closed,,10
1751958866553,closed,,183
1752133467298,opened,manual,138
1751720911473,closed,,27
1753111121784,closed,,10
1752339169415,closed,,19
1753179155012,closed,,10
1753257776292,closed,,86
1752950930745,opened,auto,15
1752589507633,opened,manual,66
1752480354661,opened,manual,64
1752320259379,closed,,28
1751964672443,opened,auto,125
1752961206030,closed,,37
1752240576228,opened,auto,3
1752153015383,opened,auto,51
1752242057193,closed,,24
1752011675894,opened,auto,86
1753144471313,closed,,33
1753144459728,closed,,33
1753144941948,closed,,33
1752956291148,closed,,37
1752125718204,opened,manual,40
1752476904172,opened,manual,10
1752136854669,closed,,10
1752956086675,closed,,37
1751905168060,closed,,57
1752478491313,closed,,99
1752053310096,opened,auto,50
1753007298824,opened,manual,28
1752472159496,opened,auto,99
1752563065309,closed,,73
1752501390881,opened,manual,35
1751775550445,opened,auto,42
1751769712302,closed,,46
1751753798896,closed,,114
1751683226831,closed,,75
1751607046102,closed,,22
1752957660591,closed,,15
1751963475776,closed,,8
1751963443315,opened,auto,8
1751641960946,opened,manual,76
1751940007120,opened,auto,48
1752481229090,closed,,10
1752910197080,closed,,25
1751973868667,closed,,8
1752146923434,opened,auto,11
1752151988302,opened,auto,45
1751964856643,opened,auto,154
1751964860823,closed,,154
1752463208079,closed,,75
1751612707850,opened,manual,71
1752205018850,opened,auto,105
1753198162832,closed,,17
1753184967771,opened,auto,17
1752961636854,opened,manual,37
1752756645240,closed,,89
1751904495350,closed,,57
1752572462911,closed,,105
1753170377945,closed,,10
1752586605153,closed,,77
1752946831025,closed,,15
1751706166366,opened,auto,184
1752521415602,opened,manual,59
1752144761248,closed,,14
1752557047839,opened,auto,12
1751641437997,opened,auto,76
1752132666688,opened,manual,40
1752414213133,opened,manual,64
1752222318286,opened,auto,64
1751896184682,closed,,28
1752581171423,closed,,17
1753196170311,closed,,10
1752474437729,opened,auto,53
1752265430153,closed,,19
1751906281747,closed,,24
1751973267211,opened,auto,137
1752141429765,opened,auto,135
1752242007456,opened,auto,40
1752067158796,closed,,63
1752232497899,closed,,129
1752089731281,closed,,91
1751612679427,opened,auto,22
1751984761384,closed,,28
1752477333108,opened,manual,10
1752830007470,closed,,10
1753002305730,opened,manual,28
1752831206560,closed,,15
1753018357625,opened,auto,28
1752829009176,opened,auto,15
1753260675016,closed,,43
1752680316449,opened,manual,45
1752110671781,closed,,141
1751874868339,opened,manual,29
1751877985316,closed,,22
1751850664931,opened,auto,22
1752803841589,closed,,37
1752009063959,closed,,72
1752212160953,opened,auto,7
1751981074062,closed,,137
1751826746077,closed,,1
1753195987108,opened,auto,17
1752402233766,opened,manual,131
1752232914314,closed,,4
1752257432775,closed,,1
1753059911163,closed,,15
1752670212388,opened,manual,44
1752684378592,closed,,45
1752444522089,opened,auto,86
1752197304333,closed,,17
1752389803304,closed,,131
1752460308721,closed,,174
1752143031474,opened,auto,105
1752163068309,closed,,17
1752219112162,closed,,105
1752565445424,opened,manual,12
1751961553535,closed,,8
1752232492203,opened,manual,129
1751971936737,opened,manual,36
1751854309772,opened,auto,87
1752563334833,closed,,73
1753060181989,closed,,15
1753115275482,closed,,15
1753268707110,opened,auto,49
1752679037780,closed,,45
1752699666514,closed,,25
1752768543090,opened,auto,17
1752212068535,opened,manual,109
1752212471173,opened,auto,53
1752098333155,closed,,181
1752097876348,closed,,185
1751978945802,closed,,128
1753102847747,opened,manual,35
1752677699611,opened,manual,139
1753113678803,closed,,15
1753260713483,closed,,15
1752535749464,closed,,6
1751798377950,closed,,130
1753172139319,opened,auto,10
1752586483712,opened,auto,77
1751975949490,opened,auto,128
1752502742550,closed,,10
1751611726826,closed,,22
1751624411666,closed,,167
1752987664649,opened,auto,75
1752507363178,closed,,8
1752052281773,closed,,20
1753259894547,closed,,15
1753268395619,closed,,49
1752651773013,closed,,43
1752561476811,opened,auto,12
1752227965539,closed,,134
1752137731642,opened,manual,186
1752165704373,closed,,141
1751965176322,closed,,125
1752237805871,opened,auto,53
1752144658046,closed,,14
1751981085284,opened,manual,137
1752221540739,closed,,159
1751978377506,closed,,36
1751898228589,opened,auto,5
1752039935502,closed,,10
1752036614579,closed,,10
1751875701833,closed,,36
1751874558952,closed,,22
1751650211711,opened,auto,155
1751873644891,opened,manual,29
1751881112933,closed,,29
1752833140095,closed,,89
1753187916726,opened,manual,53
1753007304362,closed,,28
1752512831808,opened,auto,3
1753255535142,closed,,15
1753259701239,opened,auto,15
1752112206865,opened,auto,15
1752829550077,opened,auto,89
1752654703358,closed,,43
1753112909525,opened,auto,15
1753060913999,closed,,15
1753164234754,opened,auto,10
1752543382419,opened,manual,12
1751902018150,closed,,179
1752735020922,opened,auto,10
1752838384674,closed,,36
1752684362868,closed,,45
1751781653036,closed,,27
1751780355774,opened,auto,27
1751892589998,opened,manual,49
1752341068359,opened,auto,19
1751780974563,opened,manual,27
1751894574826,opened,manual,122
1752130885119,opened,auto,4
1752340759526,closed,,19
1752336525641,closed,,19
1751785481859,closed,,27
1752286293548,opened,manual,129
1751933926163,opened,auto,152
1753143854444,opened,manual,33
1752954149644,closed,,37
1751661245437,opened,manual,16
1753185070511,closed,,17
1752756164229,opened,auto,89
1753257766786,opened,auto,86
1752541122931,closed,,17
1753107282230,closed,,14
1752337205473,closed,,19
1752104965054,closed,,24
1751661288014,closed,,16
1751652703186,closed,,16
1751652004611,opened,manual,16
1753149041583,closed,,12
1753148665962,closed,,12
1752337704041,opened,auto,19
1752755549481,closed,,89
1752478777891,opened,manual,64
1751865040521,closed,,22
1751896492158,opened,auto,28
1752146202056,closed,,26
1751794534718,opened,auto,166
1751937322193,closed,,82
1751996107125,opened,auto,91
1751899371771,opened,auto,28
1752119319488,opened,auto,74
1751876565011,closed,,22
1751876697649,opened,auto,22
1751876500334,opened,auto,22
1751731003316,closed,,27
1752104966112,opened,manual,24
1752279141263,opened,auto,37
1752957658498,opened,auto,15
1752946832441,opened,auto,15
1751987396303,opened,auto,72
1752140157363,closed,,50
1752476080159,closed,,12
1751883333578,closed,,146
1752218695945,closed,,51
1751741029360,closed,,27
1751893632292,closed,,28
1751862325156,closed,,22
1751898942783,opened,auto,28
1752240899491,opened,auto,40
1752060922138,closed,,63
1752153253419,opened,auto,51
1752161929638,opened,manual,65
1752662292959,opened,auto,10
1752831796271,opened,auto,89
1752446934196,closed,,24
1752011986798,opened,auto,102
1752012549427,opened,auto,102
1751962991590,closed,,4
1752476803630,opened,auto,12
1751867354604,closed,,42
1751943212828,opened,auto,178
1753265668965,closed,,53
1751982666905,opened,manual,162
1751901194565,opened,manual,55
1751877071247,opened,auto,187
1752066451760,opened,manual,123
1753287224700,opened,manual,71
1752066672095,closed,,34
1752527254502,closed,,188
1753242080913,closed,,15
1752050650949,opened,auto,161
1752933534878,opened,auto,15
1752958716491,closed,,15
1751877095777,closed,,187
1752173332972,closed,,59
1753167079097,opened,manual,18
1753111070293,opened,auto,10
1751853159477,closed,,15
1751781964349,opened,auto,27
1753083877833,opened,manual,169
1752826729742,closed,,89
1753103097506,closed,,17
1752173331594,closed,,59
1753107567399,opened,auto,17
1752146362494,opened,auto,26
1751879852060,closed,,82
1752778565910,opened,auto,96
1753008520077,opened,auto,28
1752829892844,opened,auto,89
1752838391002,opened,auto,89
1753081880702,closed,,169
1753194279185,opened,auto,53
1753064473476,closed,,15
1752637673606,closed,,15
1751687942915,closed,,46
1752064439448,closed,,34
1752494616692,opened,auto,108
1751646031062,closed,,95
1752094103306,opened,manual,91
1753265527997,opened,auto,10
1752894309871,closed,,25
1752065891743,opened,auto,34
1752066902129,opened,auto,34
1752485898971,closed,,14
1752501719014,opened,manual,14
1752059361723,opened,auto,89
1752487631713,opened,manual,30
1752496976785,closed,,43
1753136193704,opened,manual,90
1753243425957,closed,,12
1752062630887,closed,,89
1752663289580,opened,auto,43
1752670213125,closed,,44
1752521415172,closed,,59
1752933723807,closed,,24
1752721050522,opened,auto,25
1751880921905,opened,auto,29
1753189005443,opened,auto,25
1752565272202,opened,auto,12
1751962794486,closed,,8
1751972622233,closed,,21
1752772602116,closed,,96
1753003948500,closed,,28
1752496733648,opened,auto,43
1753290614579,opened,auto,53
1752541470186,closed,,17
1752951894814,closed,,15
1752047968173,opened,auto,86
1751877536782,opened,auto,22
1752146696480,opened,auto,26
1751873359050,opened,manual,110
1753257442046,opened,auto,86
1753169891428,opened,auto,10
1753264321177,opened,auto,7
1751635620104,closed,,110
1751635617925,opened,manual,110
1751731001087,closed,,27
1751730998454,opened,manual,27
1752069747370,closed,,164
1751741198003,closed,,27
1752071725471,opened,auto,121
1752024408017,opened,auto,22
1751774197641,opened,manual,130
1751942799571,opened,manual,20
1752182173128,opened,manual,58
1753262510317,opened,auto,10
1753265573762,closed,,10
1752689873387,opened,manual,37
1751773996876,closed,,42
1752232515606,closed,,129
1751657486229,closed,,39
1752676664017,closed,,49
1753260165441,opened,manual,43
1752800285747,closed,,37
1753262326130,closed,,43
1752471001934,closed,,25
1752136987602,closed,,10
1752557662142,opened,auto,12
1751720565765,opened,auto,27
1751918041242,closed,,133
1751880969717,opened,auto,29
1752380673384,closed,,42
1752521365637,closed,,96
1752060794514,closed,,136
1751784716442,opened,auto,27
1751783701710,closed,,27
1751784190133,opened,auto,27
1751779977169,opened,auto,27
1751783588755,opened,auto,27
1751898132017,closed,,137
1752541280485,opened,manual,17
1751940021656,closed,,48
1752480009620,opened,auto,10
1751641958973,closed,,76
1752071876889,closed,,30
1752402040427,closed,,131
1753107281092,opened,manual,14
1752568860979,closed,,109
1753262939775,opened,manual,189
1751780024797,closed,,27
1752281970689,opened,manual,37
1752126200063,opened,auto,15
1752048467812,opened,manual,38
1751881627864,closed,,82
1751926445195,opened,auto,96
1753164502626,opened,auto,10
1752956409531,closed,,15
1752929853669,opened,auto,15
1752151138132,opened,auto,45
1751963352464,closed,,8
1751973516781,opened,auto,8
1751966114916,opened,manual,21
1752095800344,opened,manual,9
1752116852660,closed,,147
1751885287196,opened,auto,144
1752460484673,opened,auto,12
1752146551541,closed,,63
1752118840738,closed,,63
1753185125670,closed,,17
1752505724169,opened,auto,16
1751923711939,opened,auto,78
1752132406781,closed,,71
1752066801556,opened,manual,128
1751853103887,opened,auto,15
1751874373344,opened,auto,29
1753192324231,opened,auto,89
1752789905312,opened,auto,37
1752529952940,closed,,151
1753177934306,closed,,15
1751931975522,closed,,11
1751975919659,closed,,36
1751783917916,closed,,27
1752578220387,closed,,17
1753178542935,closed,,10
1751976816318,opened,manual,18
1751797204113,opened,manual,28
1751872679523,closed,,177
1752557901559,closed,,12
1752552958517,closed,,12
1753042541355,opened,manual,25
1751984428822,opened,manual,28
1752148859212,closed,,10
1751867279851,opened,manual,42
1752201679069,opened,auto,124
1751966990371,opened,auto,190
1753277673876,opened,auto,17
1753059537463,closed,,15
1753056042656,opened,auto,15
1753114491132,closed,,15
1752734410556,opened,auto,10
1752112206912,closed,,191
1752824908404,opened,auto,51
1753108230291,opened,auto,10
1751595697485,closed,,67
1751596254441,opened,manual,67
1752382155543,opened,manual,42
1752812284861,closed,,42
1752240332377,opened,manual,189
1751786021753,closed,,27
1751894581532,closed,,122
1751931945086,closed,,22
1751897555980,opened,auto,28
1752148943244,opened,manual,26
1752071745237,opened,manual,121
1751596479552,closed,,70
1751596384034,opened,manual,70
1752142337948,opened,manual,135
1752336918216,opened,auto,19
1752651114462,opened,manual,189
1752676383614,opened,auto,17
1752064020289,opened,manual,34
1753196024856,closed,,53
1752053969714,closed,,120
1753241002017,closed,,15
1752327195793,closed,,26
1751753789964,opened,manual,114
1751611789809,closed,,22
1752074964745,opened,manual,63
1752066884415,opened,manual,63
1751768952796,closed,,46
1751767453076,closed,,46
1753236997760,closed,,15
1753242872355,closed,,15
1752663610220,opened,auto,43
1753113989257,closed,,15
1753113065023,opened,auto,15
1752021455436,opened,manual,143
1752535753288,opened,manual,6
1752495781028,opened,auto,43
1752819065487,closed,,15
1752676318324,closed,,6
1752669290653,closed,,12
1752652789707,closed,,12
1753083878556,closed,,169
1752562616124,opened,auto,105
1752485859174,closed,,14
1751688441848,opened,auto,46
1751687603915,opened,auto,46
1752063957162,closed,,34
1753262573693,closed,,15
1752569296941,opened,auto,49
1753078692734,opened,auto,89
1751690150695,opened,manual,75
1752089453576,opened,auto,91
1751611802288,opened,manual,22
1751657446945,opened,manual,39
1752211753500,opened,auto,40
1752235009879,opened,auto,40
1752167346133,opened,manual,62
1751629602023,opened,auto,95
1752095251229,opened,auto,9
1752142078816,opened,manual,135
1752578275527,opened,auto,17
1752733980223,opened,manual,22
1753179254347,opened,auto,10
1752097527703,opened,manual,185
1752126030421,closed,,10
1753258601615,opened,auto,86
1751983557267,closed,,8
1752024432318,closed,,177
1752809737236,closed,,105
1752249351252,opened,manual,26
1751933545782,opened,auto,11
1751997243046,opened,manual,11
1753077489399,opened,auto,176
1751896586094,opened,manual,137
1753220067220,opened,manual,58
1752249409054,closed,,26
1752120589370,opened,manual,12
1753239748635,opened,auto,15
1752066157617,opened,auto,34
1751942578179,closed,,20
1751797465967,opened,manual,28
1751897956053,opened,auto,28
1751898953729,closed,,28
1752619927655,opened,auto,6
1753084263859,opened,manual,117
1751875181360,opened,auto,29
1751881516947,opened,manual,29
1751847348255,opened,manual,22
1751850285302,opened,auto,22
1751871437485,opened,auto,22
1752534556679,closed,,6
1752421955774,opened,auto,85
1752617377473,opened,manual,6
1753235764893,opened,auto,15
1752677130394,opened,auto,45
1752461664933,closed,,25
1752455512340,opened,manual,25
1752114427986,closed,,38
1752844639669,closed,,84
1752380649221,opened,manual,42
1752763277770,opened,auto,96
1752813806865,opened,auto,12
1753136776521,closed,,90
1751965323904,opened,auto,5
1752508834356,closed,,8
1752856437126,closed,,182
1751952420146,closed,,189
1752234123298,closed,,182
1752080561522,opened,manual,170
1752162135408,opened,manual,14
1752223276112,closed,,75
1752215614977,opened,manual,25
1751947926413,opened,manual,189
1753105280497,opened,auto,28
1752740291805,closed,,43
1752712786985,closed,,12
1752823564089,closed,,51
1752308098468,opened,auto,3
1753148716373,opened,manual,12
1753178501861,opened,auto,15
1752751899474,opened,auto,43
1752756154466,opened,auto,43
1752856847490,closed,,24
1752081507813,closed,,63
1753109165774,opened,manual,28
1752787968782,opened,manual,86
1752783035218,closed,,143
1753066691791,opened,auto,24
1752527984545,opened,manual,58
1752573420964,opened,auto,105
1753173471383,opened,auto,14
1751761660480,opened,manual,72
1751971330016,closed,,162
1752659645498,closed,,8
1752437578684,opened,auto,25
1752210718712,closed,,25
1752220310211,opened,auto,25
1753083615659,closed,,56
1752051022372,opened,manual,190
1752216627130,opened,auto,40
1752783030741,opened,manual,143
1752822076594,opened,auto,105
1752211929688,opened,auto,38
1753053535634,closed,,15
1752090842588,closed,,31
1752711224640,opened,auto,25
1751883784670,closed,,36
1751875387061,closed,,157
1752070724748,opened,manual,30
1752127079521,closed,,15
1752217471668,opened,manual,25
1752854656755,closed,,182
1751826939065,closed,,2
1751820297742,opened,manual,2
1752308799768,opened,auto,3
1751946223082,opened,auto,54
1751881345597,opened,auto,21
1752859168633,closed,,163
1752353185434,closed,,24
1753066917461,opened,auto,24
1752894282774,closed,,75
1752755835537,closed,,43
1752144441544,opened,auto,14
1752830134786,closed,,89
1752760653480,closed,,107
1752207362600,opened,manual,25
1752497047157,opened,auto,43
1751936306410,opened,auto,22
1752722795198,closed,,105
1752169374155,opened,manual,65
1752935897608,opened,auto,24
1752791346751,closed,,37
1751977426730,opened,manual,128
1752150303151,opened,auto,45
1752139199704,opened,auto,10
1752430463564,opened,manual,25
1752757338360,closed,,43
1752450785883,closed,,25
1752715671990,closed,,12
1752021454792,closed,,143
1752454936893,closed,,12
1752669620165,closed,,51
1751877986887,opened,auto,118
1752039606561,closed,,23
1752041696253,opened,auto,10
1752142335942,opened,manual,135
1752228874351,closed,,30
1751957542152,closed,,22
1751987525120,closed,,72
1753060949715,opened,auto,15
1753059759884,opened,auto,15
1753062685523,opened,auto,15
1751962961480,closed,,22
1753109171956,closed,,28
1753149039722,closed,,12
1752228874105,opened,manual,30
1751951280999,opened,manual,137
1752007119977,opened,auto,72
1753311663785,opened,auto,89
1753276185436,closed,,53
1752059368680,closed,,28
1752536255330,opened,auto,6
1753249947651,opened,auto,53
1752476900388,closed,,12
1752480965600,closed,,12
1752476313118,opened,auto,12
1751610371434,closed,,79
1751610329903,closed,,79
1752067133182,closed,,128
1752858978022,opened,manual,163
1752782038440,closed,,143
1752673895389,closed,,179
1753005425044,closed,,182
1752654497881,closed,,43
1753173970669,opened,auto,53
1753165551433,opened,auto,53
1752467957751,opened,auto,25
1752110662462,opened,auto,141
1752165719667,opened,manual,91
1751596722958,closed,,70
1752058971062,closed,,30
1752270583649,closed,,32
1752893843161,opened,auto,28
1752239879070,opened,auto,40
1751703337019,closed,,92
1752321421821,closed,,35
1751596257217,opened,auto,67
1751637218673,closed,,60
1751935471717,closed,,22
1753240072803,closed,,15
1753278926549,opened,manual,17
1752669513855,closed,,12
1752673519938,opened,auto,12
1752532407139,opened,auto,86
1751609932328,opened,manual,79
1752136639578,opened,manual,63
1751690152412,closed,,75
1751770242903,opened,auto,46
1752045593475,closed,,63
1752071279330,closed,,63
1752232497907,opened,auto,129
1752859051365,closed,,163
1753148639008,opened,auto,12
1752679811829,opened,auto,45
1752666184277,closed,,66
1752793763436,closed,,37
1753069993882,closed,,24
1751682982715,opened,manual,75
1751621829505,closed,,41
1751655846795,opened,manual,39
1751686531913,closed,,130
1751688462160,closed,,46
1752677131541,opened,auto,6
1753261203474,opened,auto,15
1751785288978,closed,,27
1752437637866,closed,,25
1752954456078,closed,,15
1752784785992,closed,,21
1752953397861,opened,auto,15
1752576750722,opened,auto,17
1751985507650,opened,manual,130
1752508782958,closed,,10
1751780521970,closed,,27
1751853112343,closed,,15
1752112204858,opened,manual,191
1752824773077,opened,auto,51
1752754054838,opened,auto,89
1751785491833,closed,,27
1752186710198,closed,,5
1752212471606,closed,,12
1751996635802,closed,,11
1751780518899,closed,,27
1751780111213,opened,auto,27
1751888250617,opened,auto,18
1751876613719,closed,,137
1752859049415,opened,manual,163
1751881306514,opened,manual,137
1751785007375,closed,,27
1751784766333,closed,,27
1751881001474,closed,,192
1752011921320,closed,,102
1752012005794,closed,,102
1752147171208,opened,auto,140
1751613830041,opened,manual,79
1752059426122,opened,manual,86
1753170058558,opened,auto,10
1752139089041,closed,,10
1752506363370,opened,auto,8
1752905054931,closed,,28
1751874853346,opened,auto,22
1751850154158,opened,auto,22
1751903269834,opened,manual,133
1751741117567,closed,,27
1752095834783,closed,,9
1751761662419,closed,,72
1751966966195,opened,auto,193
1751873406900,opened,auto,137
1752116445326,opened,manual,177
1752568859381,opened,manual,109
1752817544698,closed,,45
1751990762579,opened,auto,101
1752040763705,opened,auto,10
1751997935373,closed,,194
1753063020178,opened,auto,105
1751851655061,opened,auto,109
1752187108489,closed,,188
1751912628667,opened,manual,55
1752578217560,opened,auto,17
1752584159547,closed,,77
1753196460345,closed,,10
1751880176332,closed,,29
1751881812744,opened,manual,29
1751881552145,closed,,29
1751854969546,closed,,82
1752092361340,opened,manual,24
1753009748798,closed,,28
1752838383750,opened,manual,36
1752483541513,closed,,73
1753191852974,closed,,10
1753171893765,opened,auto,10
1753178525955,opened,auto,10
1752552879712,closed,,12
1753147345531,closed,,15
1753175285294,closed,,15
1752782037057,opened,manual,143
1752750720362,opened,manual,26
1752793036659,closed,,37
1752727748261,closed,,25
1752529597106,opened,auto,151
1753103535119,opened,auto,17
1753202341879,opened,auto,53
1752756558490,closed,,43
1751720910827,opened,manual,27
1751661290016,opened,manual,16
1751785484800,opened,auto,27
1752071730232,closed,,121
1751865980494,opened,auto,22
1751931946138,closed,,22
1751785418558,opened,auto,27
1751781812590,closed,,27
1752651121656,closed,,189
1752021790786,closed,,143
1751781543889,opened,auto,27
1752727163664,opened,auto,25
1752473032101,opened,auto,12
1752477533521,closed,,12
1752823502785,closed,,105
1753179097165,closed,,80
1752218690733,opened,auto,195
1752745824024,opened,auto,176
1752321476754,closed,,35
1752230954480,opened,manual,28
1752647671476,closed,,12
1753114124583,opened,auto,15
1753259062921,opened,auto,15
1752534513420,opened,manual,6
1751684532336,closed,,130
1752104220446,opened,auto,24
1752471374783,opened,auto,12
1751612785146,closed,,79
1752823057526,closed,,105
1752659514240,opened,auto,10
1753259029873,closed,,15
1753274649728,closed,,15
1752684415936,opened,manual,45
1753261529063,closed,,43
1753074664800,opened,manual,52
1752163844497,closed,,171
1751615790796,closed,,41
1751606562188,opened,manual,22
1752125316300,opened,auto,15
1751742374250,opened,auto,168
1752759089710,opened,auto,107
1751866779312,opened,auto,42
1751807288524,opened,auto,106
1751684532757,opened,manual,130
1753269358769,closed,,25
1752804864771,opened,auto,12
1752041321613,closed,,36
1751619881301,opened,auto,196
1751951582433,closed,,72
1751930967725,closed,,22
1751874465223,opened,manual,29
1752793106527,opened,auto,37
1753268910741,closed,,28
1752061622119,opened,auto,197
1752652953059,opened,auto,12
1753235423328,opened,auto,15
1752908081279,opened,auto,28
1752069076703,closed,,34
1752053719826,opened,auto,120
1752151253002,opened,auto,61
1751874981981,closed,,22
1752617847572,closed,,6
1751865236756,opened,auto,22
1753044648207,opened,manual,163
1752470780404,closed,,4
1752271360778,closed,,6
1753166250875,closed,,10
1753172104671,closed,,10
1752147744516,opened,manual,11
1751877386904,closed,,22
1753010112720,opened,manual,28
1752956127513,opened,auto,15
1751784989172,opened,auto,27
1753168590826,opened,auto,18
1752570252099,closed,,109
1752806463580,closed,,73
1752163077033,opened,manual,17
1752153630618,opened,manual,63
1752823007691,closed,,105
1751895253526,closed,,28
1752375259759,opened,manual,64
1751688208952,opened,auto,46
1752509318958,opened,auto,102
1752021775186,opened,manual,143
1753196025595,opened,manual,53
1751797205233,closed,,28
1752382180651,closed,,42
1753169895108,closed,,15
1752091629765,opened,auto,96
1751870268211,opened,manual,191
1752024428240,opened,auto,177
1752222372820,opened,auto,14
1753269888843,opened,manual,25
1751951728404,closed,,189
1752760248355,closed,,89
1752441526720,closed,,25
1752739995391,opened,auto,43
1752715657245,closed,,12
1752269523691,closed,,62
1751864174635,opened,auto,107
1752174357930,opened,auto,96
1752335855297,closed,,19
1753168613132,closed,,18
1751782079540,closed,,27
1751783815813,closed,,27
1751877778107,opened,auto,76
1752714012043,opened,auto,12
1752751150707,closed,,43
1752760556696,opened,auto,89
1752159482048,opened,auto,180
1752581099171,closed,,43
1752098597239,opened,manual,19
1752087363161,opened,auto,19
1752223943826,closed,,91
1752859156991,opened,manual,163
1752537525646,closed,,6
1751890795933,closed,,18
1751892589353,closed,,49
1752570251466,opened,manual,109
1752819231864,closed,,51
1753164273407,closed,,15
1753189057259,opened,auto,15
1753154155275,closed,,15
1752460389550,closed,,12
1752823140381,opened,auto,105
1751853186692,opened,manual,82
1751609704306,closed,,79
1751971979785,closed,,36
1752269287996,closed,,19
1751762035474,closed,,72
1752167344500,opened,manual,62
1751606783297,closed,,22
1752243617458,opened,auto,40
1752223135431,opened,auto,40
1753148777480,closed,,12
1752038478105,closed,,10
1751851662231,closed,,109
1752787970669,closed,,86
1753242729467,opened,auto,15
1751686913909,closed,,46
1752794768630,closed,,37
1751850448023,opened,auto,22
1752182232097,closed,,58
1751730999467,closed,,27
1752669621677,opened,auto,51
1751877844361,opened,auto,22
1752024413536,closed,,22
1751781854905,opened,auto,166
1751877101195,closed,,29
1751881590421,closed,,29
1752071734182,closed,,121
1751981121812,opened,manual,36
1753063066297,closed,,105
1752678330273,closed,,8
1752069570700,closed,,161
1751854479328,opened,auto,87
1752229876937,closed,,53
1752244326358,closed,,24
1752679515585,opened,manual,45
1752678174161,opened,manual,45
1753281277661,opened,manual,6
1751785260929,opened,auto,27
1751780180241,closed,,27
1752039701752,opened,manual,23
1752062646052,closed,,28
1752800283571,opened,manual,37
1753059012006,closed,,175
1751846716139,opened,manual,115
1751903273709,closed,,133
1751874781325,closed,,29
1751847353865,closed,,22
1751801743058,opened,manual,130
1752024563448,opened,auto,22
1751587914365,opened,auto,156
1752143532668,closed,,10
1752143917179,closed,,105
1751873646856,closed,,29
1751881524671,closed,,29
1752071189337,closed,,21
1751874396136,opened,auto,22
1751797470596,closed,,28
1751797495860,closed,,28
1752041317552,opened,manual,36
1752800283020,closed,,37
1751873794597,opened,manual,110
1751902779409,closed,,8
1753116145491,opened,auto,15
1753060837803,opened,auto,15
1751990861521,opened,manual,101
1752899055290,opened,auto,28
1751609174030,closed,,134
1751623264077,opened,auto,41
1752099625354,closed,,151
1752775633496,closed,,96
1752812973905,opened,manual,12
1752812331159,closed,,12
1752070920808,closed,,30
1752062452383,closed,,63
1751756807986,closed,,114
1752681485456,closed,,45
1752707767640,opened,auto,6
1753237414783,closed,,15
1752527252024,opened,manual,188
1751794914913,closed,,198
1751873621377,opened,auto,29
1751931356162,closed,,22
1753009730423,opened,manual,28
1753009498859,opened,auto,28
1753013211431,opened,manual,28
1752499136364,opened,auto,43
1753259458503,opened,auto,43
1753255858804,opened,auto,89
1751871937353,opened,manual,110
1751797481100,opened,manual,28
1752138444925,opened,manual,63
1751894834530,opened,manual,28
1752710740941,opened,manual,12
1752698855300,opened,auto,25
1752380606529,closed,,42
1752125065891,opened,manual,38
1752101024809,closed,,19
1752160786100,opened,auto,149
1752088740520,closed,,19
1752574199956,opened,auto,86
1751982795430,closed,,162
1752161990696,opened,manual,65
1752012292336,closed,,102
1752120595568,closed,,12
1752133465943,closed,,138
1752075699630,closed,,34
1752720803450,closed,,25
1753013212074,closed,,28
1751765699804,opened,auto,46
1751624357111,opened,auto,167
1751611768720,closed,,22
1751775370606,closed,,42
1753114485333,opened,auto,15
1752650921151,closed,,43
1753056365041,closed,,15
1751880246955,opened,auto,29
1753007202786,closed,,28
1753142683941,opened,auto,15
1752207181344,closed,,199
1751613836788,closed,,79
1751656199632,closed,,2
1751596255810,closed,,67
1751611805402,closed,,22
1751606575445,closed,,22
1752662045191,opened,auto,43
1752645450155,closed,,12
1753072686155,closed,,15
1753060627574,opened,auto,15
1752162134178,closed,,14
1752225373001,opened,auto,75
1751579655846,opened,auto,39
1752542172139,opened,manual,182
1751951785029,opened,auto,189
1752212125311,closed,,25
1752275878610,opened,manual,37
1751965324365,closed,,5
1752186897291,opened,auto,5
1752540983314,opened,auto,17
1752596810209,opened,auto,77
1752491298931,closed,,10
1752214634108,opened,auto,25
1752502731550,opened,manual,200
1752163073148,closed,,8
1752234071107,closed,,182
1752211637568,opened,auto,38
1752219163013,closed,,25
1752071827140,closed,,170
1752542170281,opened,manual,182
1752018641510,opened,auto,22
1752858405705,closed,,182
1752209216774,opened,manual,25
1751943614968,opened,auto,189
1752131118131,closed,,123
1752051429939,closed,,190
1752213284066,closed,,25
1752329446210,closed,,12
1752802608087,opened,auto,40
1752002616294,closed,,19
1752264615857,closed,,62
1751993210756,closed,,19
1752163069460,opened,manual,8
1752219870156,closed,,75
1752233428827,opened,auto,182
1752230838727,closed,,75
1752165712982,closed,,141
1751962951758,opened,auto,4
1752476162785,closed,,12
1752473610236,opened,auto,12
1752494424402,closed,,152
1752162017159,opened,auto,14
1752181413876,closed,,32
1752276904187,opened,manual,37
1751952692688,closed,,189
1751951789399,closed,,189
1751841258635,opened,manual,1
1751673419194,opened,auto,133
1752162167508,opened,auto,14
1752181247005,opened,auto,32
1752219563590,opened,auto,25
1752282112538,closed,,37
1752309625379,opened,auto,3
1752312176756,opened,auto,3
1753099498749,closed,,7
1753207434124,opened,auto,15
1752856795943,closed,,182
1752275887358,closed,,37
1752300741138,opened,auto,7
1752207158481,opened,manual,199
1752843424801,opened,manual,1
1752843408702,opened,manual,1
1751868555489,closed,,36
1752024335762,opened,auto,22
1752214683952,opened,auto,75
1752050965032,closed,,190
1752230487840,opened,auto,10
1752308676500,opened,auto,3
1752174125771,closed,,7
1752787497045,opened,auto,37
1752362933512,opened,auto,85
1752232525206,closed,,129
1752033763940,closed,,72
1752080217510,closed,,63
1752012906142,closed,,86
1752575046675,opened,auto,176
1752175913147,closed,,7
1752174212338,opened,auto,7
1753152573767,closed,,15
1752712028082,closed,,37
1752323844039,closed,,26
1751768864914,closed,,28
1751879931685,closed,,82
1753016722783,closed,,28
1753011405778,closed,,28
1752879333554,opened,auto,6
1751952395921,opened,auto,189
1752563772546,opened,manual,182
1752542171033,closed,,182
1752160404186,closed,,132
1751901387298,closed,,55
1751894201633,opened,auto,55
1752094103747,closed,,91
1751606687649,opened,manual,22
1751631891218,opened,auto,113
1752242738953,opened,auto,40
1752138568046,opened,manual,34
1752843421856,closed,,1
1751893675992,opened,manual,28
1753141555714,closed,,15
1752470396026,opened,auto,25
1753190028945,closed,,15
1753182834197,closed,,15
1752858980935,closed,,163
1752012913975,closed,,86
1751673431851,closed,,133
1751853683561,closed,,201
1751895190322,opened,manual,5
1751881950675,closed,,192
1752018654443,closed,,22
1752165455439,closed,,182
1752211697491,opened,auto,75
1752832775545,opened,auto,89
1752830835812,closed,,89
1752785783593,closed,,37
1753059602573,closed,,109
1751761663920,opened,manual,72
1752063311786,opened,auto,202
1752320099778,opened,auto,28
1752854651496,opened,auto,182
1752210399229,closed,,25
1752834198871,opened,auto,40
1752012855753,opened,auto,86
1752677714370,closed,,139
1752481496456,closed,,87
1752663308001,closed,,43
1752793451967,closed,,37
1752086226447,opened,auto,126
1753262324602,opened,manual,43
1753012407649,closed,,28
1753108258103,closed,,10
1753290021284,closed,,53
1753261661363,opened,auto,53
1752661563635,closed,,10
1752832053393,opened,auto,89
1753107810586,opened,auto,17
1751993622531,opened,auto,203
1752107530446,opened,auto,204
1751687436672,opened,auto,46
1752066032518,closed,,34
1752053897621,closed,,120
1752669402810,opened,manual,12
1752146482009,opened,auto,26
1752592486730,closed,,86
1752270397579,opened,auto,6
1752276322298,closed,,6
1752675334214,closed,,14
1752187104093,opened,auto,19
1751902795270,opened,auto,8
1752030394501,opened,auto,107
1751612774485,closed,,67
1751595698828,opened,manual,67
1752593309943,opened,manual,112
1752380666739,opened,manual,42
1752157710504,closed,,5
1752216284110,opened,auto,12
1752248494952,opened,auto,6
1752768550715,closed,,17
1752041514254,closed,,10
1751981091443,closed,,137
1751993085382,opened,auto,91
1752517228872,opened,auto,96
1752649412956,opened,auto,25
1753163672733,opened,auto,15
1752042485761,opened,auto,10
1751936972509,opened,auto,22
1752662109076,closed,,43
1753117745932,closed,,15
1752212525133,closed,,12
1752271532755,opened,auto,6
1752308880879,opened,auto,3
1751655209454,opened,manual,104
1751988526239,opened,auto,10
1752446940686,opened,auto,24
1752830309819,opened,auto,89
1753198346009,closed,,53
1751951281987,closed,,137
1752040018874,opened,auto,10
1751937084828,closed,,22
1752878115990,opened,manual,28
1752819225838,opened,auto,51
1753162741932,closed,,12
1751628029296,opened,auto,41
1752099270642,opened,manual,151
1752689664904,closed,,37
1753046856539,opened,auto,24
1752526413946,closed,,24
1752558655818,closed,,12
1752126077700,opened,auto,40
1752227964870,opened,manual,134
1752983460935,closed,,75
1752669708979,opened,auto,96
1751690162591,opened,auto,75
1752094104710,opened,manual,91
1752214614086,closed,,64
1752214347611,opened,auto,64
1751617985057,closed,,41
1751616271382,closed,,41
1751905104422,opened,auto,24
1751768131414,opened,auto,46
1752086026602,opened,auto,150
1752213100309,opened,manual,64
1753256398063,opened,auto,89
1752132394068,opened,manual,71
1751612602722,opened,manual,79
1752062642442,opened,manual,28
1752823041518,opened,auto,105
1752165702967,opened,manual,141
1753103522732,closed,,17
1752499655168,closed,,19
1752068707465,opened,manual,142
1752183751452,closed,,9
1752053588646,opened,auto,94
1752145156727,opened,auto,5
1751994892089,closed,,119
1751902823499,closed,,8
1752814678548,opened,auto,12
1752325883932,closed,,26
1751901211389,opened,manual,55
1752893766034,closed,,28
1752832935055,closed,,89
1752715878946,opened,auto,12
1753145931756,opened,auto,15
1753149040843,opened,manual,12
1753099116285,opened,auto,7
1752849332778,opened,auto,24
1752440008557,opened,auto,25
1751873453643,closed,,137
1752116446651,closed,,177
1752429750571,opened,auto,25
1752713884681,closed,,12
1753084801478,opened,manual,8
1752754130648,closed,,47
1751962296281,opened,manual,144
1752507672061,closed,,8
1753023380541,closed,,25
1752148926239,opened,auto,10
1752508367953,opened,manual,8
1752746260940,opened,auto,43
1752753953371,closed,,43
1752817541907,opened,auto,45
1752710740598,closed,,12
1751966970702,closed,,193
1752954303447,opened,auto,15
1752576756861,closed,,17
1752435181762,closed,,25
1752863669354,closed,,24
1751978979777,closed,,128
1751976131836,closed,,128
1752560860470,opened,auto,12
1752558817047,opened,auto,12
1752089300534,opened,auto,19
1752259066702,closed,,58
1752218697569,closed,,195
1752322810596,closed,,35
1752136641857,closed,,63
1753058375384,closed,,25
1752335502875,opened,auto,19
1751892193243,opened,auto,49
1751898093577,opened,manual,137
1751783906432,opened,manual,27
1752063982172,opened,auto,106
1752065255160,closed,,106
1752841523947,closed,,45
1752142339318,closed,,135
1752265606446,opened,auto,19
1751896322391,opened,manual,55
1751901373370,opened,manual,55
1752877044540,opened,manual,1
1752222590439,opened,manual,81
1752144505365,closed,,14
1752375861359,closed,,64
1752289592527,opened,auto,26
1752792891065,opened,auto,37
1752728006260,opened,auto,25
1752754478833,closed,,25
1752100384513,opened,auto,19
1752068710249,closed,,142
1752859452366,opened,auto,24
1753084302510,closed,,117
1751869149911,opened,auto,205
1753266048184,closed,,10
1751793338569,closed,,166
1751865407704,opened,auto,22
1751865299194,closed,,22
1753112917290,closed,,15
1752079437172,opened,auto,136
1752078737045,closed,,136
1752062450757,opened,manual,89
1752679892958,opened,manual,45
1752677277833,closed,,45
1753061043136,closed,,15
1752541256409,opened,auto,17
1753215007019,opened,auto,96
1752830346259,closed,,89
1752830804469,opened,auto,89
1751880787838,opened,manual,82
1751895336147,closed,,80
1752581092524,opened,auto,43
1752685191594,closed,,45
1752930964638,closed,,90
1752844636703,opened,manual,84
1752649803394,opened,manual,25
1752163068933,opened,manual,17
1751794789165,opened,auto,198
1751931945617,opened,manual,22
1751937320770,opened,manual,82
1752917094979,closed,,28
1753048278949,closed,,15
1752144456208,opened,manual,14
1752358902232,opened,auto,40
1752071221055,closed,,30
1752575077487,opened,auto,51
1753011368146,opened,auto,28
1752829453773,opened,auto,89
1753261897735,closed,,43
1752956232027,opened,auto,11
1752676795905,opened,manual,62
1753253769919,opened,manual,4
1751683120862,closed,,130
1752826707270,opened,auto,89
1752836916487,closed,,89
1753196041392,opened,auto,53
1752893852886,closed,,75
1753013210616,closed,,28
1752838389639,closed,,36
1752495966814,closed,,43
1752466562277,opened,auto,74
1752755942953,opened,auto,43
1752880405941,opened,auto,24
1752165688109,closed,,17
1751797185950,closed,,28
1751646018139,opened,manual,95
1752064936969,closed,,63
1751971311682,opened,auto,162
1753102853210,closed,,35
1752654661140,opened,manual,43
1753103339240,opened,auto,15
1753262673976,opened,auto,15
1752663747606,closed,,4
1752154363113,closed,,91
1752093795156,opened,auto,151
1751612011780,opened,auto,89
1752052587306,opened,manual,63
1752133469731,closed,,138
1752625564059,opened,auto,12
1752485857134,opened,manual,14
1752084696173,closed,,34
1752316662543,opened,manual,64
1752927687774,closed,,40
1751873360106,closed,,110
1752669609563,opened,auto,51
1751875371294,opened,manual,36
1751930972179,opened,manual,22
1751875566988,closed,,29
1752582847896,opened,manual,34
1751646066607,opened,manual,95
1752080166841,opened,auto,63
1752438582381,opened,auto,24
1751611778019,opened,manual,22
1752778604541,closed,,96
1752650120679,opened,auto,43
1752064460965,opened,manual,34
1753113973046,opened,auto,15
1752321837094,opened,manual,35
1751619914336,closed,,196
1751865722753,closed,,22
1751878178730,opened,auto,22
1752669311339,opened,auto,51
1752060201098,opened,manual,136
1752676796955,closed,,62
1752652687991,closed,,43
1753086532482,closed,,30
1752053954805,opened,manual,120
1752669572403,closed,,12
1752321447465,opened,auto,35
1751617637085,opened,manual,41
1752060919799,opened,manual,63
1752086103120,closed,,173
1752636816954,opened,auto,15
1753235785070,closed,,15
1753240881132,opened,auto,15
1752363542595,opened,auto,40
1752208963075,closed,,25
1752211536945,closed,,75
1752224818534,closed,,174
1752223327622,opened,auto,75
1752206988171,opened,manual,25
1752198933485,closed,,37
1751881941236,opened,manual,192
1751954212749,opened,manual,189
1752276993396,closed,,37
1752212764768,opened,manual,38
1752223254460,opened,auto,75
1752051015832,closed,,190
1751952043670,closed,,189
1751954214806,closed,,189
1751612744652,closed,,22
1752162212138,closed,,21
1751846188767,opened,auto,22
1752223387155,closed,,75
1752165455443,opened,manual,182
1752275925827,opened,manual,37
1752430405581,closed,,25
1752740440136,opened,auto,43
1751966116054,closed,,21
1751596723740,opened,manual,70
1751596385447,opened,manual,70
1751961885866,closed,,57
1752222313999,opened,manual,81
1751952384349,closed,,189
1752000807127,closed,,19
1752139700512,closed,,123
1752220410636,closed,,25
1752212047565,opened,auto,25
1752269472779,opened,manual,62
1752740778142,closed,,43
1752012906930,opened,manual,86
1752161950705,closed,,14
1752235477834,closed,,182
1752207213317,opened,manual,25
1752275842011,opened,manual,37
1751902492748,opened,manual,39
1752058977097,closed,,30
1752515604508,closed,,99
1752542172717,closed,,182
1752653448235,closed,,14
1752218261469,closed,,5
1752240777990,closed,,30
1752089152496,opened,auto,19
1753190486374,opened,auto,15
1751990305889,opened,auto,19
1751761691323,opened,auto,72
1752089259403,closed,,19
1753148747902,opened,manual,12
1752753319413,opened,auto,43
1752018903282,closed,,148
1752214078346,closed,,25
1752198878386,opened,manual,37
1751849887057,opened,auto,22
1751616266463,closed,,69
1752143566555,opened,auto,5
1752214549203,closed,,75
1751952299660,opened,auto,189
1751952676409,opened,auto,189
1751579665188,closed,,39
1752237624585,opened,auto,25
1752214572764,closed,,25
1752483518961,closed,,115
1752009594179,opened,auto,19
1752373341876,closed,,64
1752450739652,opened,auto,40
1751898194474,closed,,5
1752226904469,closed,,81
1751963295210,closed,,57
1752207644149,opened,auto,4
1752212953833,opened,auto,40
1752236212538,opened,auto,40
1752049676819,closed,,63
1751853204431,closed,,82
1752738322611,closed,,10
1752230972261,opened,auto,4
1752611557017,opened,auto,65
1753063467519,opened,auto,24
1752327386585,opened,auto,26
1752187007272,opened,auto,19
1752304493423,opened,auto,3
1751952148977,opened,auto,189
1752218712319,opened,manual,25
1752018718266,opened,auto,22
1752929914585,opened,manual,90
1752930832488,opened,manual,90
1752070748299,opened,manual,30
1752810305794,opened,auto,105
1751870272591,closed,,191
1753107837779,closed,,17
1751985511502,closed,,130
1752503340422,opened,auto,10
1752798392876,opened,auto,96
1752497805282,closed,,43
1753016149964,closed,,28
1753010125693,opened,manual,28
1753010125004,closed,,28
1752495730876,opened,manual,43
1752477088758,opened,auto,12
1752276667722,opened,manual,6
1751878851021,opened,auto,95
1752889135153,closed,,28
1751992788127,opened,auto,101
1751959261007,opened,auto,22
1752641898116,closed,,15
1752501269353,closed,,19
1753307992902,closed,,6
1752684375867,opened,auto,45
1752653088028,closed,,43
1753056067818,closed,,15
1752099600012,closed,,19
1753174122578,closed,,14
1752662301791,opened,auto,4
1752652673196,opened,auto,43
1753072678662,opened,auto,15
1751775428017,opened,auto,42
1751611821088,closed,,22
1751607320229,opened,auto,22
1752218119283,opened,auto,40
1751686889911,closed,,16
1752326522058,opened,auto,75
1751656665917,closed,,2
1751620627868,opened,auto,41
1753269296959,opened,auto,53
1752321780579,opened,manual,35
1753262557548,closed,,10
1753259659824,closed,,15
1753278368240,closed,,17
1753148777900,opened,manual,12
1753206579068,opened,auto,15
1751880993387,opened,auto,192
1752460496106,closed,,12
1753129088051,closed,,7
1751853323895,opened,manual,82
1752788258201,closed,,86
1753088623817,opened,auto,86
1753229324968,opened,manual,12
1753284196500,opened,auto,96
1752666183783,opened,manual,66
1752326830476,opened,manual,35
1752259015847,opened,manual,58
1752163073577,closed,,17
1752823186797,closed,,105
1752473301366,closed,,12
1752321348075,opened,manual,35
1752321862711,closed,,35
1752476683172,closed,,12
1752353994076,opened,auto,24
1752932798610,closed,,90
1753266027509,opened,auto,10
1752379579814,opened,auto,28
1752648561770,opened,auto,25
1752997311960,closed,,75
1752726400979,closed,,25
1752011641419,opened,auto,102
1752476116235,opened,auto,12
1751610343102,opened,manual,79
1752064759910,opened,auto,34
1752651770349,opened,auto,12
1752669868632,closed,,12
1752677412258,closed,,6
1753258920301,closed,,15
1753198875705,opened,auto,25
1752720125468,opened,auto,25
1752652137469,opened,manual,12
1752063213914,opened,manual,34
1752207058685,closed,,25
1752081590306,opened,auto,63
1752502765595,closed,,200
1752214741033,closed,,25
1752563775719,closed,,182
1751932645378,closed,,22
1752193123717,opened,auto,160
1752165453951,opened,manual,182
1751653968635,opened,auto,96
1752238347285,opened,auto,10
1752275848864,closed,,37
1752212765823,closed,,38
1752235115533,closed,,182
1752178091014,closed,,63
1752080467419,opened,manual,170
1752080671020,opened,manual,170
1752218466592,closed,,25
1752208371358,opened,auto,25
1752161836088,opened,manual,14
1751951715046,opened,auto,189
1751903331494,opened,auto,8
1752263375025,closed,,6
1751616257602,opened,manual,69
1752309989389,closed,,3
1752467514866,opened,auto,74
1752080539022,opened,auto,170
1752858340699,closed,,182
1752210465196,opened,auto,25
1752801815047,opened,auto,40
1752009788037,closed,,19
1752276231674,closed,,37
1751981233847,closed,,36
1751965327072,opened,manual,5
1752165455458,closed,,182
1752050967529,opened,manual,190
1752854752057,opened,auto,182
1752214301661,opened,auto,25
1752208246045,closed,,25
1752208101121,opened,manual,25
1752212037618,opened,auto,38
1752081997227,closed,,63
1752162137080,closed,,14
1752213411938,opened,auto,25
1752827118705,opened,auto,40
1752234529234,opened,auto,75
1751943217729,closed,,189
1751947967016,closed,,189
1751998963719,opened,auto,19
1752857532431,opened,auto,182
1751952034424,opened,auto,189
1752233533924,closed,,182
1751943753428,closed,,189
1752213325247,opened,auto,12
1751946329342,closed,,54
1752165495435,opened,manual,182
1752131117248,opened,manual,123
1752208061212,closed,,25
1752213033369,opened,auto,25
1751853675253,opened,manual,201
1752165502649,closed,,182
1752220122754,closed,,25
1752711588460,opened,auto,25
1752823393647,opened,auto,105
1752137882953,opened,auto,91
1752178088535,opened,manual,63
1752212044713,closed,,38
1752856751932,closed,,182
1751943698334,opened,auto,189
1752081402143,opened,auto,63
1752139700095,opened,manual,123
1752231577503,closed,,10
1752951990932,opened,auto,15
1752505578132,opened,auto,10
1753148674328,opened,manual,12
1752660034846,closed,,4
1751983945353,opened,auto,149
1752673337451,opened,auto,14
1752158459418,opened,manual,5
1752310753549,closed,,3
1752206781829,opened,manual,12
1752671213229,closed,,14
1752362334262,closed,,85
1752307097053,closed,,3
1751932394503,opened,auto,22
1751943214283,opened,auto,189
1752787191089,closed,,37
1752794764886,opened,auto,37
1752264614230,opened,manual,62
1751612972319,opened,auto,22
1751906746755,closed,,57
1752142337344,closed,,135
1752136099423,closed,,12
1752841174025,closed,,25
1751852882003,closed,,165
1752727277783,closed,,25
1751938703925,closed,,22
1752207264837,closed,,25
1752071721042,opened,auto,170
1751952211930,closed,,189
1752001382427,opened,auto,19
1753189066642,closed,,25
1753147282682,opened,auto,15
1752807402142,opened,manual,105
1752024414632,closed,,22
1751900001055,opened,auto,28
1751873308287,closed,,110
1751877875679,opened,auto,139
1751873630522,closed,,29
1751901945440,opened,auto,179
1751878452162,opened,auto,22
1753002310222,closed,,28
1753013213514,closed,,28
1753086531833,opened,manual,30
1753206839255,closed,,15
1752216930916,closed,,25
1752233951767,closed,,182
1752080667146,closed,,170
1751981185228,closed,,36
1751943666937,closed,,189
1751740507482,opened,manual,110
1752062450603,opened,manual,63
1751756798806,opened,manual,114
1752095323492,opened,manual,91
1752778658514,opened,auto,96
1752814990973,opened,auto,12
1752649601410,closed,,25
1753290657576,closed,,53
1752535646654,opened,manual,6
1752517914467,opened,auto,3
1753261194101,closed,,53
1753006158919,closed,,28
1751692130530,closed,,75
1751875389001,opened,manual,157
1752712020089,opened,manual,37
1753070171297,opened,auto,24
1753010151001,closed,,28
1752495733561,closed,,43
1752126192441,closed,,15
1751923739764,closed,,78
1752661282175,closed,,10
1752822025330,closed,,105
1752321462324,opened,auto,35
1752321783061,closed,,35
1751923737206,closed,,78
1751773910451,opened,auto,42
1751608752128,opened,auto,134
1751703080493,opened,manual,92
1752370457816,opened,auto,64
1752214040989,closed,,64
1751656664633,closed,,2
1752474671788,opened,auto,53
1752470433199,closed,,25
1752833059445,opened,auto,89
1752829567126,closed,,89
1753103537507,closed,,17
1753113105326,opened,auto,17
1753103453008,closed,,15
1752491797190,closed,,86
1752058505512,opened,auto,34
1752641895617,opened,auto,15
1752722749367,opened,auto,105
1751972021600,closed,,49
1752225337545,opened,manual,30
1752161987058,closed,,65
1752169375763,closed,,65
1752832450708,closed,,89
1753144953064,closed,,15
1752419824339,closed,,86
1752143981167,closed,,5
1751903654628,closed,,8
1752224702086,opened,manual,174
1751627075064,closed,,69
1751611811981,opened,manual,22
1751706326332,closed,,184
1752644530134,closed,,12
1751897005908,closed,,28
1752742921666,closed,,10
1753178844006,closed,,15
1753207493460,closed,,15
1753281887670,closed,,17
1752011804316,opened,manual,86
1753281802435,closed,,6
1753023374158,opened,manual,25
1752069092238,opened,manual,34
1753241095470,opened,auto,15
1753113632478,opened,auto,15
1752665002608,closed,,21
1752304510989,closed,,3
1751902149443,closed,,8
1752788121841,closed,,37
1752788257498,opened,manual,86
1751993632485,closed,,203
1752196602162,opened,manual,11
1752619575665,closed,,24
1753149459065,opened,auto,15
1752501590500,closed,,19
1751870052618,closed,,158
1752227966375,closed,,134
1751986623885,closed,,1
1752262540018,opened,manual,32
1753081530573,closed,,43
1752652946242,closed,,43
1752653060683,opened,auto,43
1752062375489,closed,,30
1752481430009,opened,auto,105
1751997927416,opened,auto,194
1752240340125,closed,,189
1752223831459,closed,,159
1752830507629,closed,,89
1752526398963,opened,manual,24
1753261885583,opened,auto,43
1752679814634,closed,,45
1753113322178,opened,auto,15
1753063145607,opened,auto,25
1752677872543,opened,manual,8
1752521414187,opened,manual,59
1752604772915,opened,auto,6
1752187095950,opened,auto,188
1751826102123,opened,auto,1
1752487631958,closed,,30
1753237438346,opened,auto,15
1752835820402,opened,manual,2
1752494422655,opened,manual,152
1753115451616,opened,auto,15
1753115492916,closed,,15
1752185630800,opened,manual,9
1752185580563,closed,,9
1751820298770,closed,,2
1752304626177,closed,,3
1752211766814,opened,auto,12
1752174303733,closed,,7
1751883021756,closed,,21
1751903687439,opened,auto,8
1751768263374,closed,,46
1752089918187,opened,manual,91
1752370291754,closed,,64
1752659734021,opened,auto,43
1752893558172,opened,auto,75
1753022042357,opened,manual,88
1752837224705,closed,,89
